ProductColor,ProductSize,ID,score,sentimentScore,content
【防断芯】单支装-0.7mm,,20166304011,5,0.9999765670053387,发货速度也很快，东西超级好，不断芯，顺滑轻便。高级。质量不错。点赞。推荐购买。物美价廉，信得过
⭐【白优】自动铅笔三件套-0.5mm,,20008279766,5,1.0,这是一款非常实用且高效的文具套装。这款套装由晨光公司出品，包含了自动铅笔、HB铅芯和少屑橡皮，适用于各种书写需求。首先，这款自动铅笔的设计非常人性化。它的笔杆采用了舒适的设计，握感十分舒适，不会让手感到疲劳。同时，它的0.5mm铅芯非常流畅，书写时能够保证线条的均匀和细腻，非常适合学生和日常书写使用。此外，它的自动出芯设计也十分实用，能够避免浪费和减少环境污染。其次，HB铅芯也是这款套装的一大亮点。这款铅芯的硬度适中，适合各种书写需求。无论是草稿还是正式书写，它都能够保证线条的清晰和稳定。而且，这款铅芯的稳定性非常好，即使长时间书写也不会出现断芯或磨损的情况。此外，少屑橡皮也是这款套装的一大亮点。这款橡皮采用了特殊的设计，能够减少橡皮屑的产生，让书写环境更加整洁。同时，它的擦拭效果也非常好，能够轻松擦除错误，保证书写的准确性。除了这些实用的特点外，这款礼盒的包装也非常精美。它采用了简约时尚的设计风格，非常符合现代人的审美观念。无论是送人还是自用都非常合适。
【0.9mm正姿】优握橙蓝3支,,20367941379,5,0.9991822376314069,质量很好，发货很快，孩子挺喜欢的，很满意
【简约】自动铅笔四件套-0.5mm,,19979324245,5,0.9998551462591148,一直很喜欢这款自动铅笔，美观，大气，粗细适中，搭配着笔芯和橡皮，最主要的是这款自动铅笔能够自动补偿，也就是说他能自动出芯，非常好用的功能，在不需要去按一下然后手动调整笔芯了，非常适合我这种懒人，强烈推荐大家，非常赞
【2.0mm正姿】优握粉色4件套,,20482199804,5,0.9999999847692014,入手这只笔蓝橙拼色，简洁美观，做工精良，手感很好，用起来真的很舒服，大品牌，使用的材料也放心。铅笔使用的是0.9的笔芯，比较粗不容易断。写起来很流畅，握手处橙色的软胶使用的是抗菌材质，还可以纠正握笔姿势。每次按压出来的笔芯长度也刚刚好，写字的时候笔芯不会晃动，有助于提升写字效率。
【0.5mm常规】防断芯1支装,,20385187414,5,0.9999260716121728,颜值包装：颜值高手感：写字顺滑好用做工质感：高大帅气十足
【0.5mm常规】防断芯1支装,,20429433655,5,0.9999576934997695,孩子上小学三年级了，需要用自动铅笔了，晨光文具国产的，质量和设计的都很好，用着方便，也不断铅芯。孩子说很喜欢，握着也舒服。
⭐【0.5mm常规】全金属3件套,,20644926761,5,0.9999978655586813,挺好用，大品牌，质量好，物美价廉，非常喜欢，非常满意，送货快！挺好用，大品牌，质量好，物美价廉，非常喜欢，非常满意，送货快！
【0.5mm常规】本味3件套,,20519129742,5,0.38289245086096924,第一感官***干净净，符合我的审美，握笔处软胶皮材质，书写很舒服，不断签，配套非常好
【0.5mm常规】低重心银色3支,,20420821093,5,0.9938124502436596,这个笔非常好用。手感很好，然后用起来的话也非常顺手。很值得这个价格。
【防断芯】单支装-0.7mm,,20166304011,5,0.9999765670053387,发货速度也很快，东西超级好，不断芯，顺滑轻便。高级。质量不错。点赞。推荐购买。物美价廉，信得过
⭐【白优】自动铅笔三件套-0.5mm,,20008279766,5,1.0,这是一款非常实用且高效的文具套装。这款套装由晨光公司出品，包含了自动铅笔、HB铅芯和少屑橡皮，适用于各种书写需求。首先，这款自动铅笔的设计非常人性化。它的笔杆采用了舒适的设计，握感十分舒适，不会让手感到疲劳。同时，它的0.5mm铅芯非常流畅，书写时能够保证线条的均匀和细腻，非常适合学生和日常书写使用。此外，它的自动出芯设计也十分实用，能够避免浪费和减少环境污染。其次，HB铅芯也是这款套装的一大亮点。这款铅芯的硬度适中，适合各种书写需求。无论是草稿还是正式书写，它都能够保证线条的清晰和稳定。而且，这款铅芯的稳定性非常好，即使长时间书写也不会出现断芯或磨损的情况。此外，少屑橡皮也是这款套装的一大亮点。这款橡皮采用了特殊的设计，能够减少橡皮屑的产生，让书写环境更加整洁。同时，它的擦拭效果也非常好，能够轻松擦除错误，保证书写的准确性。除了这些实用的特点外，这款礼盒的包装也非常精美。它采用了简约时尚的设计风格，非常符合现代人的审美观念。无论是送人还是自用都非常合适。
【简约】自动铅笔四件套-0.5mm,,19979324245,5,0.9998551462591148,一直很喜欢这款自动铅笔，美观，大气，粗细适中，搭配着笔芯和橡皮，最主要的是这款自动铅笔能够自动补偿，也就是说他能自动出芯，非常好用的功能，在不需要去按一下然后手动调整笔芯了，非常适合我这种懒人，强烈推荐大家，非常赞
【国潮】自动铅笔三件套-0.5mm,,19991636518,5,0.9999984518810522,这款笔非常好用，很多小伙伴都在用，不打铅芯，并且感觉绵绵的，特别好操作，笔迹流畅，价廉物美，物超所值，颜值担当，全程选它了，需要放心选吧！
【2.0mm正姿】优握粉色4件套,,20482199804,5,0.9999999847692014,入手这只笔蓝橙拼色，简洁美观，做工精良，手感很好，用起来真的很舒服，大品牌，使用的材料也放心。铅笔使用的是0.9的笔芯，比较粗不容易断。写起来很流畅，握手处橙色的软胶使用的是抗菌材质，还可以纠正握笔姿势。每次按压出来的笔芯长度也刚刚好，写字的时候笔芯不会晃动，有助于提升写字效率。
【0.9mm正姿】优握橙蓝3支,,20367941379,5,0.9991822376314069,质量很好，发货很快，孩子挺喜欢的，很满意
【本味】自动铅笔三件套-0.5mm,,20012287475,5,0.9999999999995164,套装含铅笔、HB铅芯和少屑橡皮，笔尖流畅，出墨均匀，笔杆舒适，铅芯可更换。HB铅芯适合绘画和书法，品质不错，颜色适中。少屑橡皮减少碎屑，让书写环境整洁，擦除效果出色。套装性价比高，方便实用，注重细节设计。
【优握】正姿蓝杆四件套-2.0mm,,20113871123,5,0.9883747414265004,这款晨光自动铅笔非常好用、采用2.0mm笔芯、笔筒很好用可以矫正握姿、还配备了笔芯卷笔刀、还配备了4B橡皮和一盒铅笔芯、非常不错。
【0.5mm常规】防断芯1支装,,20385187414,5,0.9999260716121728,颜值包装：颜值高手感：写字顺滑好用做工质感：高大帅气十足
【0.5mm常规】防断芯1支装,,20429433655,5,0.9999576934997695,孩子上小学三年级了，需要用自动铅笔了，晨光文具国产的，质量和设计的都很好，用着方便，也不断铅芯。孩子说很喜欢，握着也舒服。
【防断芯】单支装-0.7mm,,20166304011,5,0.9999765670053387,发货速度也很快，东西超级好，不断芯，顺滑轻便。高级。质量不错。点赞。推荐购买。物美价廉，信得过
⭐【白优】自动铅笔三件套-0.5mm,,20008279766,5,1.0,这是一款非常实用且高效的文具套装。这款套装由晨光公司出品，包含了自动铅笔、HB铅芯和少屑橡皮，适用于各种书写需求。首先，这款自动铅笔的设计非常人性化。它的笔杆采用了舒适的设计，握感十分舒适，不会让手感到疲劳。同时，它的0.5mm铅芯非常流畅，书写时能够保证线条的均匀和细腻，非常适合学生和日常书写使用。此外，它的自动出芯设计也十分实用，能够避免浪费和减少环境污染。其次，HB铅芯也是这款套装的一大亮点。这款铅芯的硬度适中，适合各种书写需求。无论是草稿还是正式书写，它都能够保证线条的清晰和稳定。而且，这款铅芯的稳定性非常好，即使长时间书写也不会出现断芯或磨损的情况。此外，少屑橡皮也是这款套装的一大亮点。这款橡皮采用了特殊的设计，能够减少橡皮屑的产生，让书写环境更加整洁。同时，它的擦拭效果也非常好，能够轻松擦除错误，保证书写的准确性。除了这些实用的特点外，这款礼盒的包装也非常精美。它采用了简约时尚的设计风格，非常符合现代人的审美观念。无论是送人还是自用都非常合适。
【简约】自动铅笔四件套-0.5mm,,19979324245,5,0.9998551462591148,一直很喜欢这款自动铅笔，美观，大气，粗细适中，搭配着笔芯和橡皮，最主要的是这款自动铅笔能够自动补偿，也就是说他能自动出芯，非常好用的功能，在不需要去按一下然后手动调整笔芯了，非常适合我这种懒人，强烈推荐大家，非常赞
⭐【0.5mm常规】全金属3件套,,20644926761,5,0.9999978655586813,挺好用，大品牌，质量好，物美价廉，非常喜欢，非常满意，送货快！挺好用，大品牌，质量好，物美价廉，非常喜欢，非常满意，送货快！
【2.0mm正姿】优握粉色4件套,,20482199804,5,0.9999999847692014,入手这只笔蓝橙拼色，简洁美观，做工精良，手感很好，用起来真的很舒服，大品牌，使用的材料也放心。铅笔使用的是0.9的笔芯，比较粗不容易断。写起来很流畅，握手处橙色的软胶使用的是抗菌材质，还可以纠正握笔姿势。每次按压出来的笔芯长度也刚刚好，写字的时候笔芯不会晃动，有助于提升写字效率。
【0.9mm正姿】优握橙蓝3支,,20367941379,5,0.9991822376314069,质量很好，发货很快，孩子挺喜欢的，很满意
【0.5mm常规】防断芯1支装,,20385187414,5,0.9999260716121728,颜值包装：颜值高手感：写字顺滑好用做工质感：高大帅气十足
【0.5mm常规】本味3件套,,20519129742,5,0.38289245086096924,第一感官***干净净，符合我的审美，握笔处软胶皮材质，书写很舒服，不断签，配套非常好
【0.5mm常规】低重心银色3支,,20420821093,5,0.9938124502436596,这个笔非常好用。手感很好，然后用起来的话也非常顺手。很值得这个价格。
【0.9mm正姿】优握粉绿3支,,20737110347,5,0.8837190668305871,第二次买这个笔了  质量好  关键送货还快
【0.5mm】1支笔,,20552652438,5,0.9999907029652441,商品是金属的，有点重量，挺好看的，便宜好用，实用也非常顺畅，书写清楚，手感不错，孩子也说不错，值得推荐。
【0.5mm】1支笔,,20531528055,5,0.9999654545344758,自动铅笔收到了，金属的拿在手里质感厚实，很有分量，书写很流畅，不容易断芯，孩子写的也比较顺，三年级的小朋友都用着不错
【0.5mm】1支笔+1盒铅芯+橡皮,,20667861317,5,0.9997691214229982,金属自动铅笔质量好，笔杆握着舒服，笔芯不容易断，写出来的字体粗细正好，卖家还送了笔芯和橡皮，孩子用着挺方便的，价格也比实体店实惠，满意满意
【0.5mm】1支笔+1盒铅芯+橡皮,,20649666158,5,0.9990898321108024,自动笔质量不错，有份量是金属的，书写顺畅不易断，孩子可以不用动不动就削笔了，推荐购买！
【0.5mm】1支笔+1盒铅芯+橡皮,,20659503378,5,0.9945632904354595,笔好有质感，是金属材质的，握感舒适，书写起来很顺滑，不容易段芯
【0.5mm】1支笔,,20695012735,5,0.9999755405898494,我真的非常喜欢它，非常支持它，质量非常好，和卖家描述的一模一样，我非常满意，我真的很喜欢它，它完全超出了我的预期，发货速度非常快，包装非常仔细和紧凑，物流公司的服务态度非常好，发货速度非常快，我对购物非常满意。
【0.5mm】6支笔 贈120支铅芯+橡皮,,20555426086,5,0.9995703131722079,买来用来画图的，笔写出来很细。重量手感也不错，一盒6支，给同事分了几支用。总体感觉还是比较好用的！清晰度也很好。按动丝滑！
【0.7mm】1支笔 贈30支铅芯+橡皮,,20208862357,5,0.9999998839131726,宝贝收到了，卖家发货很快，物流也很强大，客服态度极好，很有耐心，给人一种亲切感，非常喜欢。还有精美的包装，高端的氛围;可以看出卖家非常细心。宝贝真的很好，和图片一致，没有区别，真的很物有所值。
【0.7mm】1支笔 贈30支铅芯+橡皮,,20201802644,5,0.9999777797887722,自动笔非常不错，非常好用，金属的外壳，用起来非常有质感，沉甸甸的，跟线下实体店买的一样，性价比很高的，老板还赠送了橡皮和铅芯，非常贴心。
【0.5mm】1支笔+1盒铅芯+橡皮,,20785953716,5,0.022373437255381212,金属活动铅很不错，价格实惠，给家里的小朋友备用。就是包装不好，三样东西散装放在快递袋中，收到的时候铅笔芯盒子已经全破了，笔芯漏了满袋，建议商家下次改进
0.5全自动+100根铅芯+橡皮,,20666680904,5,0.9999803404949239,质量非常好，与卖家描述的完全一致，非常满意，真的很喜欢，完全超出期望值，发货速度非常快，包装非常仔细、严实，物流公司服务态度很好，运送速度很快，很满意的一次购物
0.7全自动*2+100根铅芯+橡皮,,19674118740,5,0.9110563224605629,非常厉害的设计，只要首次使用按出了笔芯，就在也不用按后面出笔芯了，前面写完的时候，笔头会回缩一下，然后笔芯就出来了。连续书写时不会有不适感，反而可以一直写，不会被打断。
0.5全自动+100根铅芯+橡皮,,20669562270,5,0.9632105414596566,用了段时间才评论的，使用感还是不错的，不会出现断芯或者其他问题，外观上也是图片与实物一致。
0.5全自动+100根铅芯+橡皮,,20644866451,5,0.9226505726309541,孩子喜欢，非常好用
0.7HB铅芯-2盒装【200根】,,20221636423,5,0.9999999692838779,物流很快，产品很快就收到了，比想象中还好，不错不错！希望能耐用宝贝心仪很久了，趁活动时候买真的太划算了，喜欢的不要犹豫啊
0.5全自动+100根铅芯+橡皮,,20541469247,5,0.5391314657327313,不错，是真的自动补签
0.7全自动*2+100根铅芯+橡皮,,20221634899,5,0.9995540618216108,发货很快，两三天就到了，这个颜色我很喜欢，性价比很高，非常nice大无语事件家人们！咱就是说，太好用了，狠狠的爱住了！
0.5全自动*2+100根铅芯+橡皮,,20673917376,5,0.9815619399540313,三年级用 自动铅笔，物流速度快。
0.5全自动*2+100根铅芯+橡皮,,20713260395,5,0.021384176760996243,这笔真#，比老式那种自动铅笔强多了，老款写字太用力容易断芯，这笔写字用同样力度绝对不会断，前面的防断设计真#
0.5HB铅芯-2盒装【200根】,,20397038462,5,0.09928912174037674,此用户未填写评价内容
【库洛米】0.5mm-单支装,,20588821052,5,0.9990369728669566,自动铅笔造型好看可爱，小朋友非常喜欢，质量也很好，物流很快，第二天就能收到货，在京东买东西很方便。
【玉桂狗】0.5mm-单支装,,20588812521,5,0.9999859069154624,这款自动铅笔质量不错，外形美观，是小朋友喜欢的图案，收到货就带到学校用了。
【帕恰狗】0.5mm-单支装,,20588830206,5,0.9991913984009771,在京东买东西很方便，质量也放心，发货很快，自动铅笔质量不错，小朋友喜欢。
【库洛米】0.5mm-单支装,,20693512519,5,0.9999895485187753,一直买这款，赶上京东活动价挺划算的，主要是家中常备，好用也不贵，比超市便宜多了，性价比非常高，送货特别快，隔天就送到了，十分推荐。
【库洛米】0.5mm-单支装,,20654384525,5,0.9999245886675097,"以前几乎都没有认真评价过，不知道浪费了多少积分。听说评价超过一百个字有送积分，基本上每个星期都会光顾，**评论,京东购物实在是太方便了，根本停不下来，从此后买生活用品第个想到的就是京东，都是正品#一开始还担心，现在都*惯了，真心不错，现在还要多多给优惠哟,下次还会再来的，都逛上了，哈啊哈哈哈哈。还是很不错的宝贝真心不错，物超所值，很满意的一次网购"
【库洛米】0.5mm-单支装,,20790361133,5,0.9999999996616158,这次网购的宝贝质量非常好，与卖家描述的完全一致，真的很喜欢，完全超出期望值，发货速度非常快，包装非常仔细、严实，京东物流公司服务态度很好，运送速度很快，很满意的一次购物质量很好，希望更多的朋友信赖京东．客服态度特好，我会再次光顾的，发货迅速，态度很好，很满意！很好很好！下次有机会再找你，客服人蛮好的，东东很不错，淘到心意的宝贝是一件让人很开心的事，比心。
【库洛米】0.5mm-单支装,,20669169374,5,0.9829037275131564,发货很快，产品质量很好，没有异味，小孩使用大人非常放心，下次还会继续回购的。
【库洛米】0.5mm-单支装,,20720948753,5,0.9976489584643377,这个笔质量很好，颜色漂亮样子可爱，小孩可喜欢了。
【玉桂狗】0.7mm-单支装,,20500523014,1,0.03885756198321888,这质量太差了，还没有小卖部2块钱一支的好
【库洛米】0.5mm-单支装,,20305813767,5,0.09928912174037674,此用户未填写评价内容
【0.5mm 矫正握姿】2件套,,20155220645,5,0.9999999997102538,这款笔的材质真的特别好看手感特好，家里两兄妹，值得下次继续购买，是我喜欢的那种，一家非常喜欢的店铺，也好写好用，物流速度挺快的，写的文字也好看，非常不错的自动铅笔套装，东西品种多而且又特别全，当礼物送给他了
【2.0mm 洞洞矫姿】3件套,,20641557893,5,0.9974670746206714,非常好用！！！！！比预期的还要好！！！握笔非常舒服，凹槽的位置很符合握笔的姿势。笔芯顺滑流畅，粗细合适，写字能使上劲
【0.5mm 金属笔身】3件套,,20091986573,5,0.973302975361199,京东自营，安全放心，京东物流，飞一般的速度。京东自营，安全放心，京东物流，飞一般的速度。京东自营，安全放心，京东物流，飞一般的速度。
【0.5mm 矫正握姿】2件套,,19967716383,5,0.9357915139822048,一次性买了好几款，发现这款很适合小朋友使用，书写流畅，上芯也方便。
【0.5mm 金属笔身】3件套,,19969489452,5,0.9784940837436147,因为它的重量与风度，很喜欢金属材质的笔
0.5mm(自动铅笔+铅芯),,18545804587,5,0.00435766522871206,经常买得力的东西，特别好使。这次收到以后用了一段时间才来评论。这款笔的材质真的特别好看手感特好！买之前一直以为是塑料材质，收到后吓了一跳，竟然是磨砂的！而且还不沾指纹！爱辽！好评！！！
0.5mm(自动铅笔+铅芯),,18639032297,5,1.0,得力0.7mm2B金属活动铅笔套装收到了，自动铅笔＋橡皮+替芯，还是现在的方便！我们小时候都是用的都是最普通的，现在都是这种自动的了，写字清晰，不易折断，使用效果很好！笔身是金属喷漆的，看着就高大上。按动几下就能出了笔芯，断了还能继续按压出来，用完了就可以替换，真的很不错的！给孩子买的自动铅笔，孩子很喜欢用，质感和手感都非常不错，按起来出铅也非常顺滑，套装一起的铅芯也很好。拿在手里面也很有分量，书写起来也比较友好，套装里面有笔芯，是装在一个可以盒子里面的。有弹簧，按下去可以倒出笔芯，弹上来就关紧，大概有几十支笔芯，够用上一段时间了。自动铅笔手感超级棒，内部的结构也很精巧，用起来非常顺畅，也很轻，小孩子非常喜欢！包装简洁干净，对铅笔保护很好，这个铅笔很好用，确实不断铅，字迹均匀顺滑，握起来很舒服！非常满意的购物！
【0.5mm 金属笔身】3件套,,20375468268,5,1.0,得力0.7mm2B金属活动铅笔套装收到了，自动铅笔＋橡皮+替芯，还是现在的方便！我们小时候都是用的都是最普通的，现在都是这种自动的了，写字清晰，不易折断，使用效果很好！笔身是金属喷漆的，看着就高大上。按动几下就能出了笔芯，断了还能继续按压出来，用完了就可以替换，真的很不错的！给孩子买的自动铅笔，孩子很喜欢用，质感和手感都非常不错，按起来出铅也非常顺滑，套装一起的铅芯也很好。拿在手里面也很有分量，书写起来也比较友好，套装里面有笔芯，是装在一个可以盒子里面的。有弹簧，按下去可以倒出笔芯，弹上来就关紧，大概有几十支笔芯，够用上一段时间了。自动铅笔手感超级棒，内部的结构也很精巧，用起来非常顺畅，也很轻，小孩子非常喜欢！包装简洁干净，对铅笔保护很好，这个铅笔很好用，确实不断铅，字迹均匀顺滑，握起来很舒服！非常满意的购物！ 这个商品真是物超所值！质量很好，价格也合理。卖家的服务态度也很好，及时回复我的问题，并提供了详细的产品信息。
【0.9mm 矫正握姿】2件套,,20394575977,5,0.9999999973433955,很不错，写字很黑，颜色很正，书写特别流畅。物美价廉啊。这款产品很好用，很实用的，价格又不贵，非常的实用，希望可以有更多的这样的活动，增加更大的优惠就更好啦，这样的活动让感觉非常的亲民，回购会更多的。会推荐更多的人实用了，因为这样能有多多的优惠，更多的福利了。。
【2.0mm 幼儿启蒙】3件套-紫,,20726456588,5,0.9998375838918651,为了给孩子纠正握笔姿势，专门买的。两个颜色各买了一支。试了一下，感觉还可以。孩子还是习惯用之前的笔，整体来说很不错，京东购物很方便。
⭐【白优】自动铅笔三件套-0.5mm,,20008279766,5,1.0,这是一款非常实用且高效的文具套装。这款套装由晨光公司出品，包含了自动铅笔、HB铅芯和少屑橡皮，适用于各种书写需求。首先，这款自动铅笔的设计非常人性化。它的笔杆采用了舒适的设计，握感十分舒适，不会让手感到疲劳。同时，它的0.5mm铅芯非常流畅，书写时能够保证线条的均匀和细腻，非常适合学生和日常书写使用。此外，它的自动出芯设计也十分实用，能够避免浪费和减少环境污染。其次，HB铅芯也是这款套装的一大亮点。这款铅芯的硬度适中，适合各种书写需求。无论是草稿还是正式书写，它都能够保证线条的清晰和稳定。而且，这款铅芯的稳定性非常好，即使长时间书写也不会出现断芯或磨损的情况。此外，少屑橡皮也是这款套装的一大亮点。这款橡皮采用了特殊的设计，能够减少橡皮屑的产生，让书写环境更加整洁。同时，它的擦拭效果也非常好，能够轻松擦除错误，保证书写的准确性。除了这些实用的特点外，这款礼盒的包装也非常精美。它采用了简约时尚的设计风格，非常符合现代人的审美观念。无论是送人还是自用都非常合适。
【防断芯】单支装-0.7mm,,20166304011,5,0.9999765670053387,发货速度也很快，东西超级好，不断芯，顺滑轻便。高级。质量不错。点赞。推荐购买。物美价廉，信得过
【简约】自动铅笔四件套-0.5mm,,19979324245,5,0.9998551462591148,一直很喜欢这款自动铅笔，美观，大气，粗细适中，搭配着笔芯和橡皮，最主要的是这款自动铅笔能够自动补偿，也就是说他能自动出芯，非常好用的功能，在不需要去按一下然后手动调整笔芯了，非常适合我这种懒人，强烈推荐大家，非常赞
【2.0mm正姿】优握粉色4件套,,20482199804,5,0.9999999847692014,入手这只笔蓝橙拼色，简洁美观，做工精良，手感很好，用起来真的很舒服，大品牌，使用的材料也放心。铅笔使用的是0.9的笔芯，比较粗不容易断。写起来很流畅，握手处橙色的软胶使用的是抗菌材质，还可以纠正握笔姿势。每次按压出来的笔芯长度也刚刚好，写字的时候笔芯不会晃动，有助于提升写字效率。
⭐【白优】自动铅笔三件套-0.5mm,,19377318825,5,0.9996963178525344,超级精致的包装，笔芯是0.5的也不易断，书写顺滑方便，手感很好，孩子非常满意哦，还说，妈妈就当你送给我的礼物啦！
【0.9mm正姿】优握橙蓝3支,,20367941379,5,0.9991822376314069,质量很好，发货很快，孩子挺喜欢的，很满意
【本味】自动铅笔三件套-0.5mm,,20012287475,5,0.9999999999995164,套装含铅笔、HB铅芯和少屑橡皮，笔尖流畅，出墨均匀，笔杆舒适，铅芯可更换。HB铅芯适合绘画和书法，品质不错，颜色适中。少屑橡皮减少碎屑，让书写环境整洁，擦除效果出色。套装性价比高，方便实用，注重细节设计。
【优握】正姿蓝杆四件套-2.0mm,,20113871123,5,0.9883747414265004,这款晨光自动铅笔非常好用、采用2.0mm笔芯、笔筒很好用可以矫正握姿、还配备了笔芯卷笔刀、还配备了4B橡皮和一盒铅笔芯、非常不错。
【国潮】自动铅笔三件套-0.5mm,,19991636518,5,0.9999984518810522,这款笔非常好用，很多小伙伴都在用，不打铅芯，并且感觉绵绵的，特别好操作，笔迹流畅，价廉物美，物超所值，颜值担当，全程选它了，需要放心选吧！
【0.5mm常规】防断芯1支装,,20385187414,5,0.9999260716121728,颜值包装：颜值高手感：写字顺滑好用做工质感：高大帅气十足
粉红,,20280414565,5,0.0028458239816651076,超级好看 每一个细节都做到我的心巴上了 刚拆开的时候不小心到地上了 一根铅芯都没断 在纸上写了几下 很用力也没断 非常用力才能断 质量真的别太好啊！！！
粉蓝,,19344141118,5,0.9997296016772848,非常好用，不易断铅，颜值非常高，和原图一样，发货很快，当天就可以到，送了12根自动铅笔的笔芯，包装不错，包装无破损，很顺滑，笔握处有点磨砂质是硬的0.5的笔芯很好用，真的很喜欢Kaco的笔，买过他们家的中性笔也很好。Kaco他们家的品控也不错。值得回购！
粉红,,18667907435,5,0.9999999999966322,这个价格仍然很划算。经济、便宜、质量非常好，与卖方描述的完全一样。非常满意，完全出乎意料，超划算，划算，购物比实体店便宜多了，非常满意网上购物。我希望卖家的生意会越来越红火，物流会越来越快，包装会越来越结实。六星表扬，多一星不怕你骄傲，犹豫不决的朋友会很快下单，这是良心的推荐。它真的很好，而且价格也很高，所以你将来可以在这里买。给三个好评就满足了！满意了！满意了
粉紫,,18808161845,1,9.066611905694799e-10,给孩子买了很多支自动笔替换用，这支还没用几回就坏了，铅不出来，卡住不动，找客服说没有售后，我在线下的文具用品店买的，坏了还能给换呢，京东居然不给换，没有售后，无语
绿色,,20515421942,5,0.9999999999994871,其实对于家用已经完全够用了，非常喜欢好看，找了好久这样的一直都没有看到今天终于有了，纯白色显得特别干净，安装小哥服务超好的，相信京东，信赖京东，下次还来这家，比线下便宜，结果挺不错啊!而且客服小姐姐也特别的好，大小合适，外形美观，款式颜色很喜欢，和家里橱柜颜色很搭，服务很好，价格优美，好评，性价比高，力荐此款产品，真的太开心了，完全超出期望值了，推荐购买，满分好评，没有额外的收费，很合理
粉红,,18662128257,5,0.877619539296557,之前买了一支同款黄色的自动铅，不过快开学了，想给孩子多放一支在铅笔盒里，就多买了一支。绿色的笔杆也是非常惊艳，捏在手里很有质感，特别是握笔处很舒服。
粉红,,20603735605,5,0.9909566469691015,活动铅笔收到了。小朋友喜欢急需要用，京东自营产品很快送来。质量很好，很满意。
绿色,,20279878039,5,0.9999999999999998,"因为喜欢京东，买了京东PLUS会员，常在京东买东西，在京东买东西了，东西便宜而且质量好,物美价康，买的放心，用的开心，感觉都买，上瘾了买买买根本停不下来，东西品种多而且叉特别全，划算方便，而且实惠，包装很好，而且没有任何损坏，会一-直支持下去的，服务还可以一-超级好用，好评，下次再来收起加入购物车立即购买，质量挺好，物流也很快，赞！大品牌！值得信赖！效果超级好！贵有贵的道理！很棒的商品！真的超级喜欢，质量非常好，与卖家描述的一致！实物与描述的一样，质量相当好，卖家态度也好，有问必答，发货速度杠杠的，值得购买哦挺好的，价格适中，质量看着不错好！非常好！质量好，和实体店一样，颜色正，是我喜欢的"
粉蓝,,20279854117,5,0.9999999999999998,"因为喜欢京东，买了京东PLUS会员，常在京东买东西，在京东买东西了，东西便宜而且质量好,物美价康，买的放心，用的开心，感觉都买，上瘾了买买买根本停不下来，东西品种多而且叉特别全，划算方便，而且实惠，包装很好，而且没有任何损坏，会一-直支持下去的，服务还可以一-超级好用，好评，下次再来收起加入购物车立即购买，质量挺好，物流也很快，赞！大品牌！值得信赖！效果超级好！贵有贵的道理！很棒的商品！真的超级喜欢，质量非常好，与卖家描述的一致！实物与描述的一样，质量相当好，卖家态度也好，有问必答，发货速度杠杠的，值得购买哦挺好的，价格适中，质量看着不错好！非常好！质量好，和实体店一样，颜色正，是我喜欢的"
粉红,,18643164388,5,0.9515986317653676,本来是凑单买的一只自动铅笔，没想到质量和包装都出乎我的意料，做工精美，颜值高，写起来十分顺滑，手感也很棒！绝对好评ヾ ^_^
透明黑（单支装）,,19584229034,5,0.5402163972549477,自动铅笔很有意思，在写字的时候笔芯会一点一点自己动，写出来的字不用调整握姿就可以粗细一致，视频里笔杆内部的小标志可以看出来每写一笔都在动。（视频卡点卡的可以）
透明黑（单支装）,,19275337423,5,0.9994165701915241,很好的一款产品，值得选购，物美价廉，童叟无欺，品质过硬，我很信赖～推荐给朋友们～也感谢平台和厂家提供这样的好产品～大家的嘉奖就是最好的回馈～
透明黑（单支装）,,20069346536,5,0.8702703718455174,写起来顺滑，笔画可以保持细致，但要注意下笔要有一定力度，才能让笔尖转动，如果笔的倾斜较大转动触发需要刻意发力，笔尖也不能保持特别圆滑的状态
透明黑（单支装）,,20311827285,5,0.9714454608943719,这款铅笔还真不错，非常丝滑，配了这款铅，写起来真的体验感很好，虽然寄来的时候就是一个小基本的快递袋子，但是不影响质量和使用
透明粉（单支装）,,19213291063,5,0.9988197647235826,这个牌子的笔，从孩子那边反馈回来的信息很好用，之前买的都是比较贵的，这次看到京东上有活动，价格很划算就买回来看看，这款是塑料材质的，很轻，出铅顺畅，具体感觉用用再看看。
透明粉（单支装）,,19704029048,5,0.9415268777872349,给孩子买的，孩子说用起来挺好的，比之前买的自动铅笔好用，握起来挺舒服的，写起字来也比较顺滑，颜值可以，包装比较简陋，但是也无所谓了，反正包装也不重要
透明黑（单支装）,,20342518630,5,0.6613930881749558,很好用哦。。。。
透明黑（单支装）,,18045000065,5,0.09928912174037674,此用户未填写评价内容
透明蓝（单支装）,,19185280311,5,0.9578834086467423,质量很好，收到货第一时间打开看了，很不错，很满意
透明蓝（单支装）,,13810465399,5,0.9999996926079079,做工质感：质感巨好，果然进口的就是不一样。日本果然比中国国产好100倍。颜值包装：包装虽然很一般，但是我看的是它的品质，而不是它的包装包装，又一个小塑料袋包装的。顺滑程度：这一支笔非常的舒服，非常的流畅，非常的好写，就一个字买就对了，贵就对了。手感：句号没得说，比任何国策你好100倍。字迹粗细：还好0.5特别标准的。其他特色：自动旋转，黑科技非常有名。
【故宫&金榜礼盒】10件套,,20299257943,5,0.9387341447949965,颜值包装：包装很精致的，顺滑程度也很好
【金榜套装】15件套含圆规,,20751388987,5,0.999985813744713,临近高考，买了送给孩子们。一套涵盖了考试必需的所有文具，省事省心。晨光大牌子，值得信赖。京东自营速度最快，晚上下单早上就收到了。
【金榜中性笔】故宫瑞兽按动5支,,20356877360,5,0.9999999440207592,该笔用的非常的顺滑，而且书写流畅，笔迹清晰，老师在电脑上阅卷的时候也看的非常的清楚！，作为一位高中老师，经常用电脑阅卷，我也为我自己的儿子买了好几盒该类型的笔做工质感：非常的棒，而且带有浓厚的文化底蕴
【孔庙礼盒】9件套含钢笔,,20250841101,5,0.9999999879741815,大品牌！值得信赖的！效果超级好！实用性和颜值都非常的赞，我很喜欢，还会再来买的。买来送给亲戚家和朋友家的孩子，高端大气上档次，也实用，孩子们也很喜欢。
【金榜套装】15件套含圆规,,20678156813,5,0.9999951824325751,京东自营的东西，看到现在价格合适就给孩子囤了一个。嗯，备备战今年6月份中考用的文具里边东西齐全，我也没打开看，不知道好不好应该是不错吧，外包装也很严实希望孩子能考一个好成绩考到心仪的学校。
【金榜中性笔】故宫瑞兽按动5支,,20392012825,5,0.9999963988766648,一直用晨光，也一直在京东购物，收到货，孩子喜欢的不得了，跟捡到宝贝似的，非常精致，笔还是一如既往的好用，流畅，包装精美，真的非常不错。
【故宫&金榜礼盒】10件套,,20327658670,5,0.9999998449782208,买来送给小外甥女的，颜值真的很好了，有故宫文化，每一件都很漂亮，孩子很喜欢，包装也很好看，很适合送礼，物流也是没得说，非常棒
⭐ 【故宫文化】黑色0.5-5支,,20095570710,5,0.9999992648127896,晨光文具，大品牌！笔的质量很好的哦！图案精美，书写流畅，油墨不脏手，孩子们很喜欢的哦！值得大家放心购买！！，赞
【金榜中性笔】故宫瑞兽按动5支,,20297438133,5,0.9996139992705277,买给小朋友学习用的，颜值担当，书写流畅，推荐大家购买，自己忍不住拿了一支出来用。
⭐ 考试14件套-含圆规,,19081470999,5,0.9999999831678589,外观不错大品牌，使用看看因该能不错，考试套装：中性笔、涂卡铅笔、笔芯？考试橡皮、圆规、中性替芯、涂卡套尺、透明软垫版，很全了。
蜂巢绿 0.5mm,,20434600003,5,0.8059497919816745,我家很喜欢&hellip;&hellip;颜色相似&hellip;&hellip;
白色杆 0.5mm,,19546878558,5,0.09928912174037674,此用户未填写评价内容
蜂巢蓝 0.5mm,,20632442988,5,0.999997976679418,商品很帅气。已经是第3次购买了。到家也很快。大品牌值得信赖。橡皮很好用，铅芯给的很多。孩子拿到后爱不释手。以后还会来买。
黑色杆 0.5mm,,20182342065,5,0.6369709987318537,笔不错，但是有个建议，不要指望赠送的铅芯，太容易断了。 自己买铅芯
白色杆 0.5mm【开学套装】,,19692917014,5,0.7556727852671598,孩子买的
白色杆 0.5mm,,20491846591,5,0.130486243582153,虽然说有赠品吧但是没货了，咱们也不能硬求，他给了晨光优品的铅诶，真的好好，橡皮是超飞牌子的，没用过但是这个活动铅笔颜值我给满分
白色杆 0.5mm,,20454961163,5,0.999999924232102,铅笔的做工精细，握感很好，重心比较低，颜值也不错。 卖家的服务真是周到细致！他们不仅耐心解答我的问题，还给予了很多实用的建议。物流速度也很快，让我及时收到了商品。
白色杆 0.5mm,,20657852909,5,0.9997952317586152,斑马牌的水笔，铅笔都很好写，柯南限定联名款自动铅笔，外观颜值高，颜色淡雅，防断芯设计，商家还送了橡皮擦和笔芯，非常贴心，值得购买。
白色杆 0.5mm,,20152967650,5,0.9999999999999638,做工质感：做工精细，超越其他品牌颜值包装：颜值超高，很是喜欢，适合使用顺滑程度：书写顺滑手感：握笔使用很舒适字迹粗细：正合适其他特色：品牌值得信赖，质量没得说，超执的一次购物
蜂巢灰 0.5mm,,19991670625,5,0.9648149165232583,正品正品，没问题，非常好。
0.5mm 黑色杆,,19632461129,5,0.9989932310572844,质量很好   做工精致   包装给力  不断铅   价格小贵 很好用   手感很好  发货速度快    好评
0.5mm 黑色杆,,20200267396,5,0.9999999629363678,这支笔真的不错，推荐给大家，不断芯，，书写流畅，品牌信赖，      非常好用，喜欢的可以买来试一试，低重心希望笔杆能在长一点会更好看。顺滑程度：书写流畅做工质感：好颜值包装：稳固耐摔手感：好字迹粗细：核实0.5的铅芯
0.5mm 黑色杆,,19876831147,5,0.9999681385101837,做工质感：是在网上种草买的，还可以，塑料的颜值包装：就比较简单色系，简洁好看顺滑程度：很顺滑的自动铅笔，写作业很方便手感：很不错字迹粗细：正常的0.5笔芯可以的。其他特色：推荐购买
0.5mm 黑色杆,,20675703133,5,0.9999763606215994,是正品，和实体店一样，价格还优惠，果断转粉。终于买到满意的商品了，超出期望，非常喜欢，身边的人都问我要链接。不错，喜欢，性价比高，以后会经常光顾。尺寸刚刚好，质量也非常好，店家的包装太用心了，值得推荐！
0.5mm 黑色杆,,20300588021,5,0.9998139315411154,质量非常好，与描述的完全一致，非常满意真的很喜欢，完全超出期望值，发货速度非常快，包装非常仔细、严实，物流服务态度很好，运送速度很快
蓝色杆0.5mm,,19632407081,5,0.974606708171097,自动铅收到了  价格小贵  但是真的很好用  做工精致  不断铅  包装给力  手感很好   发货速度快  好评
0.5mm 黑色杆,,20768413895,5,0.9572277202206071,商品收到了，包装得很好，物流非常快，客服态度很积极，有问题及时解答！总体来说非常满意！宝贝收到了，包装很结实，应该是个好东西，先给好评了@。
0.5mm 黑色杆,,20561922777,5,0.09928912174037674,此用户未填写评价内容
0.5mm 黑色杆,,20734693050,5,0.9999990460423639,非常好的斑马笔，手感很高，按起来很有质感，整支笔的品质真的是非常好！孩子很喜欢，写起来很流畅，物流也快
0.5mm 黑色杆,,20459457024,5,0.99958350918926,对比了很多家，还是选择京东自营比较放心，不管是办公用还是学生用都是非常好的选择，不易断很顺畅
【0.7mm 纯白】3支笔60支铅芯,,20233214161,5,0.6403978451162066,孩子自己挑的这个自动铅笔，用完说就是好用，京东快递也是棒棒哒，第一天晚上下的单，第二天中午就送到了，孩子下午上学就都已经用是上了，真是一点也不耽误事，棒棒哒！这个来说必须好评！
【0.7mm 纯白】3支笔60支铅芯,,20333963637,5,0.9999997308134613,这笔很好用，书写流畅清晰，橡皮擦也比较耐用，擦的比较干净，值得大家推荐，值得大家购买，下次还会继续光顾，尺子之类的有一整套，质量各方面都很不错，下次还要购买，外观包装各方面都很漂亮，结实。
【0.5mm 浅蓝】3笔3铅,,19239353217,5,0.9999985127487979,做工质感：得力，专业做学习文具用品，质量杠杠的，非常好，很不错，颜值包装：颜值包装大气，高大上手感：写字手感非常好，柔软，笔芯不易断，字迹粗细：字迹0.5，写字起来不粗也不细了
【0.5mm 白色】3支笔100支铅芯,,20323525700,5,0.9999486627147993,以成年人的感觉这款自动铅笔握感舒适，有防滑胶套，很柔软。书写舒畅，没有突然断笔芯的情况，清晰度也是HB的淡黑色，得力品牌的做工很好，没有毛刺，塑料件没有任何异味。总得来说性价比高。快递小哥也很好，送货上门！
【0.5mm 樱律】3支笔60支铅芯,,20588785875,5,0.9999917736490422,自动铅笔精致美观，质量不错，给小朋友带到学校用非常好，发货非常快。
【0.5mm 纯白】3支笔60支铅芯,,20591147175,5,0.9979691592166311,很棒的笔下次还会再来买值得推荐
【0.5mm 白色】3支笔100支铅芯,,20639993240,5,0.3617553456028282,得力(deli)手护者大面积护套书写不累手 缓冲防断芯自动铅笔套装0.5mm(活动铅*3+HB铅芯*1) 白色 以经收到了
,,15592619652,5,0.9999999757299894,给孩子买的，上学老是丢，所以备一些还是很有必要的，这个笔颜值很高，孩子很喜欢，但是也不花哨，不会吸引孩子注意力，我真的觉得这一点是真的很好呀。上次买过这款，是在店里买的，很滑顺，基本上不断芯，书写流畅，网上买还是划算一些，京东买东西已经习惯了，送的快，用着也好，用完还会回购的，向大家推荐！孩子吵着说要赶紧用，呵呵，这次真的买对啦！
【0.5mm 纯白】3笔3铅,,19849289060,5,0.9999322614511484,字写在纸上非常的丝滑，用力写字不断铅。这样的套盒是真的实惠。一个学期都用不完，为什么呢，因为它很结实耐用。物流那是相当的快。服务那就不用说了。非常棒。
【0.7mm 纯白】3支笔60支铅芯,,20124657415,5,0.9998954444248569,给孩子买了一些文具回来，这个自动铅笔性价比很高，三根还带铅芯，手感也不错，使用很好，非常满意。
【0.5mm 浅蓝】3笔3铅,,19239353217,5,0.9999985127487979,做工质感：得力，专业做学习文具用品，质量杠杠的，非常好，很不错，颜值包装：颜值包装大气，高大上手感：写字手感非常好，柔软，笔芯不易断，字迹粗细：字迹0.5，写字起来不粗也不细了
【0.5mm 白色】3支笔100支铅芯,,20323525700,5,0.9999486627147993,以成年人的感觉这款自动铅笔握感舒适，有防滑胶套，很柔软。书写舒畅，没有突然断笔芯的情况，清晰度也是HB的淡黑色，得力品牌的做工很好，没有毛刺，塑料件没有任何异味。总得来说性价比高。快递小哥也很好，送货上门！
【0.5mm 樱律】3支笔60支铅芯,,20588785875,5,0.9999917736490422,自动铅笔精致美观，质量不错，给小朋友带到学校用非常好，发货非常快。
【0.5mm 纯白】3支笔60支铅芯,,20591147175,5,0.9979691592166311,很棒的笔下次还会再来买值得推荐
【0.5mm 白色】3支笔100支铅芯,,20639993240,5,0.3617553456028282,得力(deli)手护者大面积护套书写不累手 缓冲防断芯自动铅笔套装0.5mm(活动铅*3+HB铅芯*1) 白色 以经收到了
【0.7mm 纯白】3支笔60支铅芯,,20233214161,5,0.6403978451162066,孩子自己挑的这个自动铅笔，用完说就是好用，京东快递也是棒棒哒，第一天晚上下的单，第二天中午就送到了，孩子下午上学就都已经用是上了，真是一点也不耽误事，棒棒哒！这个来说必须好评！
【0.7mm 纯白】3支笔60支铅芯,,20333963637,5,0.9999997308134613,这笔很好用，书写流畅清晰，橡皮擦也比较耐用，擦的比较干净，值得大家推荐，值得大家购买，下次还会继续光顾，尺子之类的有一整套，质量各方面都很不错，下次还要购买，外观包装各方面都很漂亮，结实。
,,15592619652,5,0.9999999757299894,给孩子买的，上学老是丢，所以备一些还是很有必要的，这个笔颜值很高，孩子很喜欢，但是也不花哨，不会吸引孩子注意力，我真的觉得这一点是真的很好呀。上次买过这款，是在店里买的，很滑顺，基本上不断芯，书写流畅，网上买还是划算一些，京东买东西已经习惯了，送的快，用着也好，用完还会回购的，向大家推荐！孩子吵着说要赶紧用，呵呵，这次真的买对啦！
【0.5mm 纯白】3笔3铅,,19849289060,5,0.9999322614511484,字写在纸上非常的丝滑，用力写字不断铅。这样的套盒是真的实惠。一个学期都用不完，为什么呢，因为它很结实耐用。物流那是相当的快。服务那就不用说了。非常棒。
【0.5mm 白色】不易断铅,,19553058708,5,0.9972938117046672,很满意，做工很好，物流快，客服很棒，点赞
【库洛米】0.5mm-单支装,,20588821052,5,0.9990369728669566,自动铅笔造型好看可爱，小朋友非常喜欢，质量也很好，物流很快，第二天就能收到货，在京东买东西很方便。
【玉桂狗】0.5mm-单支装,,20588812521,5,0.9999859069154624,这款自动铅笔质量不错，外形美观，是小朋友喜欢的图案，收到货就带到学校用了。
【帕恰狗】0.5mm-单支装,,20588830206,5,0.9991913984009771,在京东买东西很方便，质量也放心，发货很快，自动铅笔质量不错，小朋友喜欢。
【库洛米】0.7mm-单支装,,20612985534,5,0.9616028907931392,质量很好  ，京东购物快捷、方便、放心、省心！
【玉桂狗】0.7mm-单支装,,20500523014,1,0.03885756198321888,这质量太差了，还没有小卖部2块钱一支的好
【玉桂狗】0.5mm-单支装,,20556936242,5,0.9879298261612174,孩子自己选的这款笔 书写方便 物流及时 前一天晚上下单 第二天早上就送到 新来的京东小哥特别有礼貌 这个商品真是物超所值！质量很好，价格也合理。卖家的服务态度也很好，及时回复我的问题，并提供了详细的产品信息。
【库洛米】0.7mm-单支装,,20505040311,5,0.9972938117046672,很满意，做工很好，物流快，客服很棒，点赞
【库洛米】0.5mm-单支装,,20693512519,5,0.9999895485187753,一直买这款，赶上京东活动价挺划算的，主要是家中常备，好用也不贵，比超市便宜多了，性价比非常高，送货特别快，隔天就送到了，十分推荐。
【库洛米】0.7mm-单支装,,20773483938,5,0.9926661139851143,大品牌值得信赖，大大支持送给你，为你点个。
【库洛米】0.5mm-单支装,,20654384525,5,0.9999245886675097,"以前几乎都没有认真评价过，不知道浪费了多少积分。听说评价超过一百个字有送积分，基本上每个星期都会光顾，**评论,京东购物实在是太方便了，根本停不下来，从此后买生活用品第个想到的就是京东，都是正品#一开始还担心，现在都*惯了，真心不错，现在还要多多给优惠哟,下次还会再来的，都逛上了，哈啊哈哈哈哈。还是很不错的宝贝真心不错，物超所值，很满意的一次网购"
【0.5mm 浅蓝】3笔3铅,,19239353217,5,0.9999985127487979,做工质感：得力，专业做学习文具用品，质量杠杠的，非常好，很不错，颜值包装：颜值包装大气，高大上手感：写字手感非常好，柔软，笔芯不易断，字迹粗细：字迹0.5，写字起来不粗也不细了
【0.5mm 白色】3支笔100支铅芯,,20323525700,5,0.9999486627147993,以成年人的感觉这款自动铅笔握感舒适，有防滑胶套，很柔软。书写舒畅，没有突然断笔芯的情况，清晰度也是HB的淡黑色，得力品牌的做工很好，没有毛刺，塑料件没有任何异味。总得来说性价比高。快递小哥也很好，送货上门！
【0.5mm 樱律】3支笔60支铅芯,,20588785875,5,0.9999917736490422,自动铅笔精致美观，质量不错，给小朋友带到学校用非常好，发货非常快。
【0.5mm 纯白】3支笔60支铅芯,,20591147175,5,0.9979691592166311,很棒的笔下次还会再来买值得推荐
【0.5mm 白色】3支笔100支铅芯,,20639993240,5,0.3617553456028282,得力(deli)手护者大面积护套书写不累手 缓冲防断芯自动铅笔套装0.5mm(活动铅*3+HB铅芯*1) 白色 以经收到了
【0.7mm 纯白】3支笔60支铅芯,,20233214161,5,0.6403978451162066,孩子自己挑的这个自动铅笔，用完说就是好用，京东快递也是棒棒哒，第一天晚上下的单，第二天中午就送到了，孩子下午上学就都已经用是上了，真是一点也不耽误事，棒棒哒！这个来说必须好评！
【0.7mm 纯白】3支笔60支铅芯,,20333963637,5,0.9999997308134613,这笔很好用，书写流畅清晰，橡皮擦也比较耐用，擦的比较干净，值得大家推荐，值得大家购买，下次还会继续光顾，尺子之类的有一整套，质量各方面都很不错，下次还要购买，外观包装各方面都很漂亮，结实。
,,15592619652,5,0.9999999757299894,给孩子买的，上学老是丢，所以备一些还是很有必要的，这个笔颜值很高，孩子很喜欢，但是也不花哨，不会吸引孩子注意力，我真的觉得这一点是真的很好呀。上次买过这款，是在店里买的，很滑顺，基本上不断芯，书写流畅，网上买还是划算一些，京东买东西已经习惯了，送的快，用着也好，用完还会回购的，向大家推荐！孩子吵着说要赶紧用，呵呵，这次真的买对啦！
【0.5mm 纯白】3笔3铅,,19849289060,5,0.9999322614511484,字写在纸上非常的丝滑，用力写字不断铅。这样的套盒是真的实惠。一个学期都用不完，为什么呢，因为它很结实耐用。物流那是相当的快。服务那就不用说了。非常棒。
【0.5mm 白色】不易断铅,,19553058708,5,0.9972938117046672,很满意，做工很好，物流快，客服很棒，点赞
【0.5mm 白色】3支笔100支铅芯,,20323525700,5,0.9999486627147993,以成年人的感觉这款自动铅笔握感舒适，有防滑胶套，很柔软。书写舒畅，没有突然断笔芯的情况，清晰度也是HB的淡黑色，得力品牌的做工很好，没有毛刺，塑料件没有任何异味。总得来说性价比高。快递小哥也很好，送货上门！
【0.5mm 白色】3支笔100支铅芯,,20639993240,5,0.3617553456028282,得力(deli)手护者大面积护套书写不累手 缓冲防断芯自动铅笔套装0.5mm(活动铅*3+HB铅芯*1) 白色 以经收到了
【0.5mm 浅蓝】3笔3铅,,19239353217,5,0.9999985127487979,做工质感：得力，专业做学习文具用品，质量杠杠的，非常好，很不错，颜值包装：颜值包装大气，高大上手感：写字手感非常好，柔软，笔芯不易断，字迹粗细：字迹0.5，写字起来不粗也不细了
【0.5mm 樱律】3支笔60支铅芯,,20588785875,5,0.9999917736490422,自动铅笔精致美观，质量不错，给小朋友带到学校用非常好，发货非常快。
【0.5mm 纯白】3支笔60支铅芯,,20591147175,5,0.9979691592166311,很棒的笔下次还会再来买值得推荐
【0.5mm 白色】不易断铅,,19553058708,5,0.9972938117046672,很满意，做工很好，物流快，客服很棒，点赞
【0.7mm 纯白】3支笔60支铅芯,,20233214161,5,0.6403978451162066,孩子自己挑的这个自动铅笔，用完说就是好用，京东快递也是棒棒哒，第一天晚上下的单，第二天中午就送到了，孩子下午上学就都已经用是上了，真是一点也不耽误事，棒棒哒！这个来说必须好评！
【0.5mm 白色】3支笔100支铅芯,,20505226569,5,0.9688417243006755,写字很顺滑&hellip;&hellip;拿笔很舒服&hellip;&hellip;
【0.7mm 纯白】3支笔60支铅芯,,20333963637,5,0.9999997308134613,这笔很好用，书写流畅清晰，橡皮擦也比较耐用，擦的比较干净，值得大家推荐，值得大家购买，下次还会继续光顾，尺子之类的有一整套，质量各方面都很不错，下次还要购买，外观包装各方面都很漂亮，结实。
,,15592619652,5,0.9999999757299894,给孩子买的，上学老是丢，所以备一些还是很有必要的，这个笔颜值很高，孩子很喜欢，但是也不花哨，不会吸引孩子注意力，我真的觉得这一点是真的很好呀。上次买过这款，是在店里买的，很滑顺，基本上不断芯，书写流畅，网上买还是划算一些，京东买东西已经习惯了，送的快，用着也好，用完还会回购的，向大家推荐！孩子吵着说要赶紧用，呵呵，这次真的买对啦！
【0.5mm 纯白】3支笔60支铅芯,,20591147175,5,0.9979691592166311,很棒的笔下次还会再来买值得推荐
【0.5mm 浅蓝】3笔3铅,,19239353217,5,0.9999985127487979,做工质感：得力，专业做学习文具用品，质量杠杠的，非常好，很不错，颜值包装：颜值包装大气，高大上手感：写字手感非常好，柔软，笔芯不易断，字迹粗细：字迹0.5，写字起来不粗也不细了
【0.5mm 纯白】3笔3铅,,19849289060,5,0.9999322614511484,字写在纸上非常的丝滑，用力写字不断铅。这样的套盒是真的实惠。一个学期都用不完，为什么呢，因为它很结实耐用。物流那是相当的快。服务那就不用说了。非常棒。
【0.5mm 白色】3支笔100支铅芯,,20323525700,5,0.9999486627147993,以成年人的感觉这款自动铅笔握感舒适，有防滑胶套，很柔软。书写舒畅，没有突然断笔芯的情况，清晰度也是HB的淡黑色，得力品牌的做工很好，没有毛刺，塑料件没有任何异味。总得来说性价比高。快递小哥也很好，送货上门！
【0.5mm 樱律】3支笔60支铅芯,,20588785875,5,0.9999917736490422,自动铅笔精致美观，质量不错，给小朋友带到学校用非常好，发货非常快。
【0.5mm 白色】3支笔100支铅芯,,20639993240,5,0.3617553456028282,得力(deli)手护者大面积护套书写不累手 缓冲防断芯自动铅笔套装0.5mm(活动铅*3+HB铅芯*1) 白色 以经收到了
【0.7mm 纯白】3支笔60支铅芯,,20233214161,5,0.6403978451162066,孩子自己挑的这个自动铅笔，用完说就是好用，京东快递也是棒棒哒，第一天晚上下的单，第二天中午就送到了，孩子下午上学就都已经用是上了，真是一点也不耽误事，棒棒哒！这个来说必须好评！
【0.7mm 纯白】3支笔60支铅芯,,20333963637,5,0.9999997308134613,这笔很好用，书写流畅清晰，橡皮擦也比较耐用，擦的比较干净，值得大家推荐，值得大家购买，下次还会继续光顾，尺子之类的有一整套，质量各方面都很不错，下次还要购买，外观包装各方面都很漂亮，结实。
,,15592619652,5,0.9999999757299894,给孩子买的，上学老是丢，所以备一些还是很有必要的，这个笔颜值很高，孩子很喜欢，但是也不花哨，不会吸引孩子注意力，我真的觉得这一点是真的很好呀。上次买过这款，是在店里买的，很滑顺，基本上不断芯，书写流畅，网上买还是划算一些，京东买东西已经习惯了，送的快，用着也好，用完还会回购的，向大家推荐！孩子吵着说要赶紧用，呵呵，这次真的买对啦！
【0.5mm 白色】不易断铅,,19553058708,5,0.9972938117046672,很满意，做工很好，物流快，客服很棒，点赞
橙色（单支）,0.5mm,20549578427,5,0.9979661878951609,质量很好  做工精致质量   价格比店里优惠  很好用  发货速度快  包装给力   好评(o^^o)
紫色（单支）,0.5mm,20190670508,5,0.9999996744260936,真的很不错，做工挺好的，给孩子作为学习用具买的，以后还会再次购买的，也会推荐朋友购买大厂的话，质量还是有保证的血字写起来非常的舒服
蓝色（单支）,0.5mm,20564805459,5,0.9999100844254283,非常满意！箱子完好无损，包装很精致，商品没问题。发货速度真的很快，快递送货很及时，关键是这个价格很划算。味道也不错，价格比超市便宜了好多呢，太开心啦
绿色（单支）,0.7mm,20540166653,5,0.986692342377065,非常满意此次从京东购买的樱花0.7自动铅笔，蓝绿色颜值非常高，笔芯适合小学生用，书写顺滑，不易断，按动顺滑，带软硅胶，值得购买。
紫色（单支）,0.7mm,20726346954,5,0.9975240571040025,从京东超市买还挺方便的，可以选不同牌子的，包装结实到货快，还送货上门，东西质量也可以信赖
紫色（单支）,0.7mm,19384627342,5,0.9567864440982854,透明紫的颜色，非常漂亮，手握感也很好，便宜实惠！
紫色（单支）,0.7mm,19351244900,5,0.9965785600685857,铅笔颜值非常高，书写很顺滑，握笔很舒服。
蓝色（单支）,0.7mm,20563002225,5,0.9645257062151223,笔的质量非常的好，孩子也很喜欢！
蓝色（单支）,0.5mm,20000514290,5,0.9919666817166852,很实惠，很好用，物美价廉。。。。。。
蓝色（单支）,0.5mm,20170336871,5,0.9618220686440484,很好用，京东双十一很划算
蓝色杆0.5mm,,19632407081,5,0.974606708171097,自动铅收到了  价格小贵  但是真的很好用  做工精致  不断铅  包装给力  手感很好   发货速度快  好评
0.5mm 黑色杆,,19632461129,5,0.9989932310572844,质量很好   做工精致   包装给力  不断铅   价格小贵 很好用   手感很好  发货速度快    好评
0.5mm 白色杆,,20350054097,5,0.9993999512531355,连续买3个了，轻巧好用，握感舒适
0.5mm 白色杆,,20369431645,5,0.09928912174037674,此用户未填写评价内容
0.5mm 黑色杆,,20200267396,5,0.9999999629363678,这支笔真的不错，推荐给大家，不断芯，，书写流畅，品牌信赖，      非常好用，喜欢的可以买来试一试，低重心希望笔杆能在长一点会更好看。顺滑程度：书写流畅做工质感：好颜值包装：稳固耐摔手感：好字迹粗细：核实0.5的铅芯
0.5mm 黑色杆,,19876831147,5,0.9999681385101837,做工质感：是在网上种草买的，还可以，塑料的颜值包装：就比较简单色系，简洁好看顺滑程度：很顺滑的自动铅笔，写作业很方便手感：很不错字迹粗细：正常的0.5笔芯可以的。其他特色：推荐购买
0.5mm 黑色杆,,20675703133,5,0.9999763606215994,是正品，和实体店一样，价格还优惠，果断转粉。终于买到满意的商品了，超出期望，非常喜欢，身边的人都问我要链接。不错，喜欢，性价比高，以后会经常光顾。尺寸刚刚好，质量也非常好，店家的包装太用心了，值得推荐！
0.5mm 蜂巢绿杆,,18467397264,5,0.20924414188257623,买了两支自动铅笔，真的超级无敌好用，小孩子写字太用力，之前用的普通自动铅笔总断铅，换了这款之后稍微用力铅就回缩，不会折，孩子直呼太神奇，基本一周用一根铅，还能剩下很大一块，小学生太适合使用了
0.5mm 黑色杆,,20300588021,5,0.9998139315411154,质量非常好，与描述的完全一致，非常满意真的很喜欢，完全超出期望值，发货速度非常快，包装非常仔细、严实，物流服务态度很好，运送速度很快
0.5mm 格子紫杆,,19552759045,5,0.9959198365395527,不愧是斑马，暴力操作也不断签芯，拍了视频可以参考，还是有一定科技含量的，很有帮助，不会为了经常断签苦恼。不过斑马的签芯太贵了，我买了三菱的，比斑马便宜一下。
【1盒】0.5白优品自动铅笔套装,,20730972298,5,1.0,这款晨光自动铅笔0.5mm的3件套装，给我带来了不错的书写体验。首先，它的低重心设计确实提高了书写的稳定性，尤其是在长时间书写时，这一点变得尤为重要。铅笔的金属笔尖套和按压式出铅机制，使得使用起来既方便又耐用。在使用过程中，我发现铅芯不易断裂，这对于经常需要携带铅笔的学生来说是一个很大的优势。而且，套装中包含的橡皮和铅芯也都是高质量的，橡皮清除笔迹干净，不会留下痕迹，而铅芯书写流畅，深色且均匀。总的来说，这款铅笔套装无论是从设计还是功能上，都体现了晨光品牌对细节的关注和对质量的坚持。它不仅适合学生使用，对于任何需要经常书写或绘图的人来说，都是一个很好的选择。我个人非常满意这次的使用体验，它完全符合我的日常书写需求
【1盒】0.7白优品自动铅笔套装,,20624326067,5,0.9901931562708921,真的很好用 包装很精致 很推荐
【1盒】0.5白优品自动铅笔套装,,18934629202,5,0.9999999999918061,性价比还是非常高的，一个套装里面有自动铅笔+铅盒+橡皮简单实用，简约大方，没有太多花里胡哨的东西，就是一句话，实用做工质感：做工精致颜值包装：保包装简约顺滑程度：非常丝滑手感：手感轻盈字迹粗细：字迹正好0.5适合孩子使用其他特色：简约，大方，轻盈
【1盒】0.5白优品自动铅笔套装,,20617147988,5,0.9785722030183607,挺好用的自动铅笔，还有一块橡皮，书写流畅，不断铅，可以购买。
【1盒】0.5白优品自动铅笔套装,,20368906055,5,0.9999999999918061,性价比还是非常高的，一个套装里面有自动铅笔+铅盒+橡皮简单实用，简约大方，没有太多花里胡哨的东西，就是一句话，实用做工质感：做工精致颜值包装：保包装简约顺滑程度：非常丝滑手感：手感轻盈字迹粗细：字迹正好0.5适合孩子使用其他特色：简约，大方，轻盈
【1盒】0.5白优品自动铅笔套装,,20445133459,5,0.999897583466118,大品牌！值得信赖的！效果超级好！贵有贵的道理！很棒的商品！真的好喜欢，客服态度也挺好的，值！以后有需要还会来买
【1盒】0.5白优品自动铅笔套装,,20446616768,5,0.9782303576105763,非常精美的自动铅笔，手感很好冬天不冷手，重量刚好笔芯没断过，正所谓差生文具多必须安排上！
【1盒】0.5白优品自动铅笔套装,,20372654688,5,0.9999999699241664,京东值得信赖，商品值得推荐京东值得信赖，商品值得推荐京东值得信赖，商品值得推荐
【1盒】0.5白优品自动铅笔套装,,20757583953,5,0.9993860808662581,外观很好看，书写也很舒服，物流很快
【1盒】0.5白优品自动铅笔套装,,20781321825,5,0.9985461740871749,这款笔不但好看 而且使用非常舒服 做工也很好 之前就买过 又回购 很不错
【防断芯】单支装-0.7mm,,20166304011,5,0.9999765670053387,发货速度也很快，东西超级好，不断芯，顺滑轻便。高级。质量不错。点赞。推荐购买。物美价廉，信得过
⭐【白优】自动铅笔三件套-0.5mm,,20008279766,5,1.0,这是一款非常实用且高效的文具套装。这款套装由晨光公司出品，包含了自动铅笔、HB铅芯和少屑橡皮，适用于各种书写需求。首先，这款自动铅笔的设计非常人性化。它的笔杆采用了舒适的设计，握感十分舒适，不会让手感到疲劳。同时，它的0.5mm铅芯非常流畅，书写时能够保证线条的均匀和细腻，非常适合学生和日常书写使用。此外，它的自动出芯设计也十分实用，能够避免浪费和减少环境污染。其次，HB铅芯也是这款套装的一大亮点。这款铅芯的硬度适中，适合各种书写需求。无论是草稿还是正式书写，它都能够保证线条的清晰和稳定。而且，这款铅芯的稳定性非常好，即使长时间书写也不会出现断芯或磨损的情况。此外，少屑橡皮也是这款套装的一大亮点。这款橡皮采用了特殊的设计，能够减少橡皮屑的产生，让书写环境更加整洁。同时，它的擦拭效果也非常好，能够轻松擦除错误，保证书写的准确性。除了这些实用的特点外，这款礼盒的包装也非常精美。它采用了简约时尚的设计风格，非常符合现代人的审美观念。无论是送人还是自用都非常合适。
【本味】自动铅笔三件套-0.5mm,,20012287475,5,0.9999999999995164,套装含铅笔、HB铅芯和少屑橡皮，笔尖流畅，出墨均匀，笔杆舒适，铅芯可更换。HB铅芯适合绘画和书法，品质不错，颜色适中。少屑橡皮减少碎屑，让书写环境整洁，擦除效果出色。套装性价比高，方便实用，注重细节设计。
【简约】自动铅笔四件套-0.5mm,,19979324245,5,0.9998551462591148,一直很喜欢这款自动铅笔，美观，大气，粗细适中，搭配着笔芯和橡皮，最主要的是这款自动铅笔能够自动补偿，也就是说他能自动出芯，非常好用的功能，在不需要去按一下然后手动调整笔芯了，非常适合我这种懒人，强烈推荐大家，非常赞
【2.0mm正姿】优握粉色4件套,,20482199804,5,0.9999999847692014,入手这只笔蓝橙拼色，简洁美观，做工精良，手感很好，用起来真的很舒服，大品牌，使用的材料也放心。铅笔使用的是0.9的笔芯，比较粗不容易断。写起来很流畅，握手处橙色的软胶使用的是抗菌材质，还可以纠正握笔姿势。每次按压出来的笔芯长度也刚刚好，写字的时候笔芯不会晃动，有助于提升写字效率。
【0.5mm常规】本味3件套,,20519129742,5,0.38289245086096924,第一感官***干净净，符合我的审美，握笔处软胶皮材质，书写很舒服，不断签，配套非常好
【0.9mm正姿】优握橙蓝3支,,20367941379,5,0.9991822376314069,质量很好，发货很快，孩子挺喜欢的，很满意
【优握】正姿蓝杆四件套-2.0mm,,20113871123,5,0.9883747414265004,这款晨光自动铅笔非常好用、采用2.0mm笔芯、笔筒很好用可以矫正握姿、还配备了笔芯卷笔刀、还配备了4B橡皮和一盒铅笔芯、非常不错。
【国潮】自动铅笔三件套-0.5mm,,19991636518,5,0.9999984518810522,这款笔非常好用，很多小伙伴都在用，不打铅芯，并且感觉绵绵的，特别好操作，笔迹流畅，价廉物美，物超所值，颜值担当，全程选它了，需要放心选吧！
【0.5mm常规】防断芯1支装,,20385187414,5,0.9999260716121728,颜值包装：颜值高手感：写字顺滑好用做工质感：高大帅气十足
【0.5mm 矫正握姿】2件套,,20155220645,5,0.9999999997102538,这款笔的材质真的特别好看手感特好，家里两兄妹，值得下次继续购买，是我喜欢的那种，一家非常喜欢的店铺，也好写好用，物流速度挺快的，写的文字也好看，非常不错的自动铅笔套装，东西品种多而且又特别全，当礼物送给他了
【2.0mm 洞洞矫姿】3件套,,20641557893,5,0.9974670746206714,非常好用！！！！！比预期的还要好！！！握笔非常舒服，凹槽的位置很符合握笔的姿势。笔芯顺滑流畅，粗细合适，写字能使上劲
【0.5mm 金属笔身】3件套,,20091986573,5,0.973302975361199,京东自营，安全放心，京东物流，飞一般的速度。京东自营，安全放心，京东物流，飞一般的速度。京东自营，安全放心，京东物流，飞一般的速度。
【0.5mm 矫正握姿】2件套,,19967716383,5,0.9357915139822048,一次性买了好几款，发现这款很适合小朋友使用，书写流畅，上芯也方便。
【0.5mm 金属笔身】3件套,,19969489452,5,0.9784940837436147,因为它的重量与风度，很喜欢金属材质的笔
【0.5mm 金属笔身】3件套,,20375468268,5,1.0,得力0.7mm2B金属活动铅笔套装收到了，自动铅笔＋橡皮+替芯，还是现在的方便！我们小时候都是用的都是最普通的，现在都是这种自动的了，写字清晰，不易折断，使用效果很好！笔身是金属喷漆的，看着就高大上。按动几下就能出了笔芯，断了还能继续按压出来，用完了就可以替换，真的很不错的！给孩子买的自动铅笔，孩子很喜欢用，质感和手感都非常不错，按起来出铅也非常顺滑，套装一起的铅芯也很好。拿在手里面也很有分量，书写起来也比较友好，套装里面有笔芯，是装在一个可以盒子里面的。有弹簧，按下去可以倒出笔芯，弹上来就关紧，大概有几十支笔芯，够用上一段时间了。自动铅笔手感超级棒，内部的结构也很精巧，用起来非常顺畅，也很轻，小孩子非常喜欢！包装简洁干净，对铅笔保护很好，这个铅笔很好用，确实不断铅，字迹均匀顺滑，握起来很舒服！非常满意的购物！ 这个商品真是物超所值！质量很好，价格也合理。卖家的服务态度也很好，及时回复我的问题，并提供了详细的产品信息。
【0.9mm 矫正握姿】2件套,,20394575977,5,0.9999999973433955,很不错，写字很黑，颜色很正，书写特别流畅。物美价廉啊。这款产品很好用，很实用的，价格又不贵，非常的实用，希望可以有更多的这样的活动，增加更大的优惠就更好啦，这样的活动让感觉非常的亲民，回购会更多的。会推荐更多的人实用了，因为这样能有多多的优惠，更多的福利了。。
【2.0mm 幼儿启蒙】3件套-紫,,20726456588,5,0.9998375838918651,为了给孩子纠正握笔姿势，专门买的。两个颜色各买了一支。试了一下，感觉还可以。孩子还是习惯用之前的笔，整体来说很不错，京东购物很方便。
【2.0mm 幼儿启蒙】3件套-绿,,20726465998,5,0.9999800791219354,京东购物很方便，有活动时候买的，价格也优惠。一次买了两支，为了让孩子能正确的握笔。质量不错，握感很好～ 孩子还需要习惯一下。
【0.5mm 金属笔身】3件套,,20294536226,1,0.0005512956840838523,不知道该怎么评价，自己看视频，铅稍微一用力就会回弹，很容易断铅，几块钱的东西，也没必要再退来退去的，不知道是设计缺陷还是个别产品质量问题
【帕恰狗】0.5mm-单支装,,20588830206,5,0.9991913984009771,在京东买东西很方便，质量也放心，发货很快，自动铅笔质量不错，小朋友喜欢。
【库洛米】0.5mm-单支装,,20588821052,5,0.9990369728669566,自动铅笔造型好看可爱，小朋友非常喜欢，质量也很好，物流很快，第二天就能收到货，在京东买东西很方便。
【玉桂狗】0.5mm-单支装,,20588812521,5,0.9999859069154624,这款自动铅笔质量不错，外形美观，是小朋友喜欢的图案，收到货就带到学校用了。
【玉桂狗】0.7mm-单支装,,20500523014,1,0.03885756198321888,这质量太差了，还没有小卖部2块钱一支的好
【玉桂狗】0.5mm-单支装,,20556936242,5,0.9879298261612174,孩子自己选的这款笔 书写方便 物流及时 前一天晚上下单 第二天早上就送到 新来的京东小哥特别有礼貌 这个商品真是物超所值！质量很好，价格也合理。卖家的服务态度也很好，及时回复我的问题，并提供了详细的产品信息。
【库洛米】0.5mm-单支装,,20693512519,5,0.9999895485187753,一直买这款，赶上京东活动价挺划算的，主要是家中常备，好用也不贵，比超市便宜多了，性价比非常高，送货特别快，隔天就送到了，十分推荐。
【库洛米】0.5mm-单支装,,20654384525,5,0.9999245886675097,"以前几乎都没有认真评价过，不知道浪费了多少积分。听说评价超过一百个字有送积分，基本上每个星期都会光顾，**评论,京东购物实在是太方便了，根本停不下来，从此后买生活用品第个想到的就是京东，都是正品#一开始还担心，现在都*惯了，真心不错，现在还要多多给优惠哟,下次还会再来的，都逛上了，哈啊哈哈哈哈。还是很不错的宝贝真心不错，物超所值，很满意的一次网购"
【库洛米】0.5mm-单支装,,20790361133,5,0.9999999996616158,这次网购的宝贝质量非常好，与卖家描述的完全一致，真的很喜欢，完全超出期望值，发货速度非常快，包装非常仔细、严实，京东物流公司服务态度很好，运送速度很快，很满意的一次购物质量很好，希望更多的朋友信赖京东．客服态度特好，我会再次光顾的，发货迅速，态度很好，很满意！很好很好！下次有机会再找你，客服人蛮好的，东东很不错，淘到心意的宝贝是一件让人很开心的事，比心。
【帕恰狗】0.5mm-单支装,,20770876761,5,0.8271536187494358,东西挺好，一直买这个牌子，以后还会经常买。
【帕恰狗】0.5mm-单支装,,20774545444,5,0.9344547374319525,总在京东上购物，物美价廉，太赞了
黑色,0.5mm,20056775933,5,0.9983562032703333,发货很及时，配送非常快，很快就收到货了，收到的货完好，没有挤压变形，货品美观大气，写字和换铅都非常方便，孩子非常喜欢，很好的体验。
黑色,0.5mm,20562450766,5,0.999096431097279,非常棒，写起字来非常顺滑，握笔的地方也很舒服，唯一的一个小缺点就是太轻了，不过不足为虑，非常棒，下次还买
黑色,0.5mm,20556486438,5,0.998585388489016,好用，非常顺滑，免去削铅笔的烦恼，孩子也喜欢用，主要是方便，一根心能用好久
黑色,0.5mm,20748999901,5,0.5300566809998463,还可以，比较顺滑，但是铅笔芯有断的时候
黑色,0.5mm,20774624652,5,0.47182808663284836,搞活动时买的，用来画图，方便使用。
黑色,0.5mm,18994096970,5,0.9998801354559749,赶上做活动的时候买的，这个价格一分钱一分货，从外观看很美，材质做工都不错，感觉买值了，还有物流超级快，点赞！
黑色,0.5mm,20545232639,5,0.8688152558748853,儿子同学推荐他的。买回来试用了一下说比之前买的别的牌子的好用！
黑色,0.5mm,20627147160,5,0.9809571171819054,很好，不断铅，很喜欢的牌子，上学的时候就用，这么多年质量还是那么好！好评
黑色,0.5mm,20782517423,5,0.9962142399062285,非常流畅，笔杆很轻，拿着也没负担
黑色,0.5mm,19027821881,5,0.790813760269978,这个牌子的铅笔质量非常好，确实不折铅，手握感也很好！
【防断芯】单支装-0.7mm,,20166304011,5,0.9999765670053387,发货速度也很快，东西超级好，不断芯，顺滑轻便。高级。质量不错。点赞。推荐购买。物美价廉，信得过
⭐【白优】自动铅笔三件套-0.5mm,,20008279766,5,1.0,这是一款非常实用且高效的文具套装。这款套装由晨光公司出品，包含了自动铅笔、HB铅芯和少屑橡皮，适用于各种书写需求。首先，这款自动铅笔的设计非常人性化。它的笔杆采用了舒适的设计，握感十分舒适，不会让手感到疲劳。同时，它的0.5mm铅芯非常流畅，书写时能够保证线条的均匀和细腻，非常适合学生和日常书写使用。此外，它的自动出芯设计也十分实用，能够避免浪费和减少环境污染。其次，HB铅芯也是这款套装的一大亮点。这款铅芯的硬度适中，适合各种书写需求。无论是草稿还是正式书写，它都能够保证线条的清晰和稳定。而且，这款铅芯的稳定性非常好，即使长时间书写也不会出现断芯或磨损的情况。此外，少屑橡皮也是这款套装的一大亮点。这款橡皮采用了特殊的设计，能够减少橡皮屑的产生，让书写环境更加整洁。同时，它的擦拭效果也非常好，能够轻松擦除错误，保证书写的准确性。除了这些实用的特点外，这款礼盒的包装也非常精美。它采用了简约时尚的设计风格，非常符合现代人的审美观念。无论是送人还是自用都非常合适。
【简约】自动铅笔四件套-0.5mm,,19979324245,5,0.9998551462591148,一直很喜欢这款自动铅笔，美观，大气，粗细适中，搭配着笔芯和橡皮，最主要的是这款自动铅笔能够自动补偿，也就是说他能自动出芯，非常好用的功能，在不需要去按一下然后手动调整笔芯了，非常适合我这种懒人，强烈推荐大家，非常赞
【2.0mm正姿】优握粉色4件套,,20482199804,5,0.9999999847692014,入手这只笔蓝橙拼色，简洁美观，做工精良，手感很好，用起来真的很舒服，大品牌，使用的材料也放心。铅笔使用的是0.9的笔芯，比较粗不容易断。写起来很流畅，握手处橙色的软胶使用的是抗菌材质，还可以纠正握笔姿势。每次按压出来的笔芯长度也刚刚好，写字的时候笔芯不会晃动，有助于提升写字效率。
【0.9mm正姿】优握橙蓝3支,,20367941379,5,0.9991822376314069,质量很好，发货很快，孩子挺喜欢的，很满意
【2.0mm正姿】优握蓝色4件套,,20701363377,5,0.09928912174037674,此用户未填写评价内容
【0.5mm常规】防断芯1支装,,20385187414,5,0.9999260716121728,颜值包装：颜值高手感：写字顺滑好用做工质感：高大帅气十足
【0.5mm常规】防断芯1支装,,20429433655,5,0.9999576934997695,孩子上小学三年级了，需要用自动铅笔了，晨光文具国产的，质量和设计的都很好，用着方便，也不断铅芯。孩子说很喜欢，握着也舒服。
⭐【0.5mm常规】全金属3件套,,20644926761,5,0.9999978655586813,挺好用，大品牌，质量好，物美价廉，非常喜欢，非常满意，送货快！挺好用，大品牌，质量好，物美价廉，非常喜欢，非常满意，送货快！
【2.0mm正姿】优握蓝色4件套,,20567541527,5,0.8235893725009806,好用 給娃买来学写字
⭐【白优】自动铅笔三件套-0.5mm,,20008279766,5,1.0,这是一款非常实用且高效的文具套装。这款套装由晨光公司出品，包含了自动铅笔、HB铅芯和少屑橡皮，适用于各种书写需求。首先，这款自动铅笔的设计非常人性化。它的笔杆采用了舒适的设计，握感十分舒适，不会让手感到疲劳。同时，它的0.5mm铅芯非常流畅，书写时能够保证线条的均匀和细腻，非常适合学生和日常书写使用。此外，它的自动出芯设计也十分实用，能够避免浪费和减少环境污染。其次，HB铅芯也是这款套装的一大亮点。这款铅芯的硬度适中，适合各种书写需求。无论是草稿还是正式书写，它都能够保证线条的清晰和稳定。而且，这款铅芯的稳定性非常好，即使长时间书写也不会出现断芯或磨损的情况。此外，少屑橡皮也是这款套装的一大亮点。这款橡皮采用了特殊的设计，能够减少橡皮屑的产生，让书写环境更加整洁。同时，它的擦拭效果也非常好，能够轻松擦除错误，保证书写的准确性。除了这些实用的特点外，这款礼盒的包装也非常精美。它采用了简约时尚的设计风格，非常符合现代人的审美观念。无论是送人还是自用都非常合适。
【防断芯】单支装-0.7mm,,20166304011,5,0.9999765670053387,发货速度也很快，东西超级好，不断芯，顺滑轻便。高级。质量不错。点赞。推荐购买。物美价廉，信得过
【简约】自动铅笔四件套-0.5mm,,19979324245,5,0.9998551462591148,一直很喜欢这款自动铅笔，美观，大气，粗细适中，搭配着笔芯和橡皮，最主要的是这款自动铅笔能够自动补偿，也就是说他能自动出芯，非常好用的功能，在不需要去按一下然后手动调整笔芯了，非常适合我这种懒人，强烈推荐大家，非常赞
【2.0mm正姿】优握粉色4件套,,20482199804,5,0.9999999847692014,入手这只笔蓝橙拼色，简洁美观，做工精良，手感很好，用起来真的很舒服，大品牌，使用的材料也放心。铅笔使用的是0.9的笔芯，比较粗不容易断。写起来很流畅，握手处橙色的软胶使用的是抗菌材质，还可以纠正握笔姿势。每次按压出来的笔芯长度也刚刚好，写字的时候笔芯不会晃动，有助于提升写字效率。
⭐【白优】自动铅笔三件套-0.5mm,,19377318825,5,0.9996963178525344,超级精致的包装，笔芯是0.5的也不易断，书写顺滑方便，手感很好，孩子非常满意哦，还说，妈妈就当你送给我的礼物啦！
【0.9mm正姿】优握橙蓝3支,,20367941379,5,0.9991822376314069,质量很好，发货很快，孩子挺喜欢的，很满意
【本味】自动铅笔三件套-0.5mm,,20012287475,5,0.9999999999995164,套装含铅笔、HB铅芯和少屑橡皮，笔尖流畅，出墨均匀，笔杆舒适，铅芯可更换。HB铅芯适合绘画和书法，品质不错，颜色适中。少屑橡皮减少碎屑，让书写环境整洁，擦除效果出色。套装性价比高，方便实用，注重细节设计。
【优握】正姿蓝杆四件套-2.0mm,,20113871123,5,0.9883747414265004,这款晨光自动铅笔非常好用、采用2.0mm笔芯、笔筒很好用可以矫正握姿、还配备了笔芯卷笔刀、还配备了4B橡皮和一盒铅笔芯、非常不错。
【国潮】自动铅笔三件套-0.5mm,,19991636518,5,0.9999984518810522,这款笔非常好用，很多小伙伴都在用，不打铅芯，并且感觉绵绵的，特别好操作，笔迹流畅，价廉物美，物超所值，颜值担当，全程选它了，需要放心选吧！
【0.5mm常规】防断芯1支装,,20385187414,5,0.9999260716121728,颜值包装：颜值高手感：写字顺滑好用做工质感：高大帅气十足
【防断芯】单支装-0.7mm,,20166304011,5,0.9999765670053387,发货速度也很快，东西超级好，不断芯，顺滑轻便。高级。质量不错。点赞。推荐购买。物美价廉，信得过
⭐【白优】自动铅笔三件套-0.5mm,,20008279766,5,1.0,这是一款非常实用且高效的文具套装。这款套装由晨光公司出品，包含了自动铅笔、HB铅芯和少屑橡皮，适用于各种书写需求。首先，这款自动铅笔的设计非常人性化。它的笔杆采用了舒适的设计，握感十分舒适，不会让手感到疲劳。同时，它的0.5mm铅芯非常流畅，书写时能够保证线条的均匀和细腻，非常适合学生和日常书写使用。此外，它的自动出芯设计也十分实用，能够避免浪费和减少环境污染。其次，HB铅芯也是这款套装的一大亮点。这款铅芯的硬度适中，适合各种书写需求。无论是草稿还是正式书写，它都能够保证线条的清晰和稳定。而且，这款铅芯的稳定性非常好，即使长时间书写也不会出现断芯或磨损的情况。此外，少屑橡皮也是这款套装的一大亮点。这款橡皮采用了特殊的设计，能够减少橡皮屑的产生，让书写环境更加整洁。同时，它的擦拭效果也非常好，能够轻松擦除错误，保证书写的准确性。除了这些实用的特点外，这款礼盒的包装也非常精美。它采用了简约时尚的设计风格，非常符合现代人的审美观念。无论是送人还是自用都非常合适。
【简约】自动铅笔四件套-0.5mm,,19979324245,5,0.9998551462591148,一直很喜欢这款自动铅笔，美观，大气，粗细适中，搭配着笔芯和橡皮，最主要的是这款自动铅笔能够自动补偿，也就是说他能自动出芯，非常好用的功能，在不需要去按一下然后手动调整笔芯了，非常适合我这种懒人，强烈推荐大家，非常赞
【2.0mm正姿】优握粉色4件套,,20482199804,5,0.9999999847692014,入手这只笔蓝橙拼色，简洁美观，做工精良，手感很好，用起来真的很舒服，大品牌，使用的材料也放心。铅笔使用的是0.9的笔芯，比较粗不容易断。写起来很流畅，握手处橙色的软胶使用的是抗菌材质，还可以纠正握笔姿势。每次按压出来的笔芯长度也刚刚好，写字的时候笔芯不会晃动，有助于提升写字效率。
【0.5mm常规】低重心银色3支,,20420821093,5,0.9938124502436596,这个笔非常好用。手感很好，然后用起来的话也非常顺手。很值得这个价格。
【0.9mm正姿】优握橙蓝3支,,20367941379,5,0.9991822376314069,质量很好，发货很快，孩子挺喜欢的，很满意
【本味】自动铅笔三件套-0.5mm,,20012287475,5,0.9999999999995164,套装含铅笔、HB铅芯和少屑橡皮，笔尖流畅，出墨均匀，笔杆舒适，铅芯可更换。HB铅芯适合绘画和书法，品质不错，颜色适中。少屑橡皮减少碎屑，让书写环境整洁，擦除效果出色。套装性价比高，方便实用，注重细节设计。
【优握】正姿蓝杆四件套-2.0mm,,20113871123,5,0.9883747414265004,这款晨光自动铅笔非常好用、采用2.0mm笔芯、笔筒很好用可以矫正握姿、还配备了笔芯卷笔刀、还配备了4B橡皮和一盒铅笔芯、非常不错。
【国潮】自动铅笔三件套-0.5mm,,19991636518,5,0.9999984518810522,这款笔非常好用，很多小伙伴都在用，不打铅芯，并且感觉绵绵的，特别好操作，笔迹流畅，价廉物美，物超所值，颜值担当，全程选它了，需要放心选吧！
【0.5mm常规】防断芯1支装,,20385187414,5,0.9999260716121728,颜值包装：颜值高手感：写字顺滑好用做工质感：高大帅气十足
【故宫&金榜礼盒】10件套,,20299257943,5,0.9387341447949965,颜值包装：包装很精致的，顺滑程度也很好
【金榜套装】15件套含圆规,,20751388987,5,0.999985813744713,临近高考，买了送给孩子们。一套涵盖了考试必需的所有文具，省事省心。晨光大牌子，值得信赖。京东自营速度最快，晚上下单早上就收到了。
【金榜套装】15件套含圆规,,20678156813,5,0.9999951824325751,京东自营的东西，看到现在价格合适就给孩子囤了一个。嗯，备备战今年6月份中考用的文具里边东西齐全，我也没打开看，不知道好不好应该是不错吧，外包装也很严实希望孩子能考一个好成绩考到心仪的学校。
【金榜中性笔】故宫瑞兽按动5支,,20356877360,5,0.9999999440207592,该笔用的非常的顺滑，而且书写流畅，笔迹清晰，老师在电脑上阅卷的时候也看的非常的清楚！，作为一位高中老师，经常用电脑阅卷，我也为我自己的儿子买了好几盒该类型的笔做工质感：非常的棒，而且带有浓厚的文化底蕴
⭐ 考试14件套-含圆规,,19081470999,5,0.9999999831678589,外观不错大品牌，使用看看因该能不错，考试套装：中性笔、涂卡铅笔、笔芯？考试橡皮、圆规、中性替芯、涂卡套尺、透明软垫版，很全了。
【孔庙礼盒】9件套含钢笔,,20250841101,5,0.9999999879741815,大品牌！值得信赖的！效果超级好！实用性和颜值都非常的赞，我很喜欢，还会再来买的。买来送给亲戚家和朋友家的孩子，高端大气上档次，也实用，孩子们也很喜欢。
【金榜套装】15件套含圆规,,20236501017,5,0.9521037094351211,物流快，上午买，下午就到了。东西不错。
【金榜中性笔】故宫瑞兽按动5支,,20392012825,5,0.9999963988766648,一直用晨光，也一直在京东购物，收到货，孩子喜欢的不得了，跟捡到宝贝似的，非常精致，笔还是一如既往的好用，流畅，包装精美，真的非常不错。
【故宫&金榜礼盒】10件套,,20327658670,5,0.9999998449782208,买来送给小外甥女的，颜值真的很好了，有故宫文化，每一件都很漂亮，孩子很喜欢，包装也很好看，很适合送礼，物流也是没得说，非常棒
⭐ 【故宫文化】黑色0.5-5支,,20095570710,5,0.9999992648127896,晨光文具，大品牌！笔的质量很好的哦！图案精美，书写流畅，油墨不脏手，孩子们很喜欢的哦！值得大家放心购买！！，赞
透明白 0.3mm,,20111218493,5,0.9999999881209402,东西非常好，是正品，包装用心，买回来一直忘记评论，不好意思，本来这个价格没抱很大希望，收到时候发现质量出乎意料的好，和图片描述一致，超级划算，性价比也很高，质星也好，在别的地方看很贵，在这里看，还可以，出乎意料，以后还在这家买，也推荐给朋友了，店家态度好，不懂的都会细心回复，第一次在平台．上买到质量又好又实惠的东西，现在推荐给了朋友，好东西买的人自然多！
透明白 0.5mm,,20110704813,5,0.9999743345019091,这个笔真的超级好用！摇一摇就可以出铅芯，还送了一个的橡皮，我买的是棕色好看，画画真的很好用。做工质感：做工质感真的很好，磨砂外表摸着特别舒服颜值包装：包装感很高级，适合送人顺滑程度：非常顺滑（这得看你的笔芯，反正笔特别好）手感：握感很舒适，久握不累
透明白 0.5mm,,20091228147,5,0.9969335063680435,拿到快递以后赶紧打开，心心念念的宝贝到手了，给想象中的基本一样，怕不合适又问了客服，推荐也是这个，店家态度真的好好哦 ，挺喜欢的 ，宝贝质量还可以，真的还不错，要比想像中好多了，以后还会买这家宝贝，很满意，以后还会买这家宝贝。
浅灰限定【铅笔+橡皮】0.5mm,,20526803382,5,0.9952609675854136,不错，孩子自己选的笔，使用非常方便不错
透明白 0.5mm,,20280371259,5,0.9996374457710893,不错的手感和造型，质量应该不错！而且价格实惠
黑色限定【铅笔+橡皮】0.5mm,,20504161542,5,0.9999843869363322,这个笔真的超级好用！摇一摇就可以出铅芯，还送了一个的橡皮，我买的是棕色好看，画画真的很好用。 做工质感：做工质感真的很好，磨砂外表摸着特别舒服 颜值包装：包装感很高级，适合送人 顺滑程度：非常顺滑（这得看你的笔芯，反正笔 特别好) 手感：握感很舒适，久握不累
橄榄绿【铅笔+橡皮】0.5mm,,19384915575,5,0.9990883184521561,产品包装精致美观大气，目前用着非常不错，拿在手里很有分量，这个绿色尊嘟好好看
透明白 0.5mm,,20482717311,5,0.9638056652503468,东西不错，值得推荐
透明白 0.5mm,,20237032459,5,0.9999999809864436,京东值得信赖，物流速度快，物美价又廉，服务态度好，京东值得信赖，物流速度快，物美价又廉，服务态度好，京东值得信赖，物流速度快，物美价又廉，服务态度好
透明白 0.5mm,,19390388513,5,0.9696938321389779,很好书写 这个系列的已经买了四五支不同颜色的了
黑色杆+铅芯,,20474351596,5,0.8282552451314741,这个笔很好用，写字顺滑不易断铅。这些年来给孩子买笔发现笔还是要买好用的，要不用不了多长时间就坏了。不好的还得多买几个，总好来看，还是买好的划算。
蓝色杆+铅芯,,20643638031,5,0.9990382936879677,日本百乐可擦笔质量强大 产品品质优良 强烈推荐日本百乐可擦笔!
黑色杆+铅芯,,20445865741,5,0.9999942571100795,相当于买了学习必备全家桶了，polit的笔确实好用，拿起来也很舒适，书写非常流畅，这也是我从高中一直选择polit的原因，用这么多年没遇到断墨的情况，非常稳定，值得信赖
黑色杆+铅芯,,20602931046,5,0.10392601817258107,以前基本没有认真评价过，不知浪费了多少京豆。这个真的不错，妥妥每次都写一百多字，这是第 N 次在 JD 上买东西了捧捧捧，好厉害好东西便宜而且质量好，物美价廉买的放心，用的开心，感觉都买，上了，买买买根本停不下来，东西品种多而且有特别全，划算，方便，而且实惠，包装很好，而且没有任何损坏，会一直支持下去，服务还可以。这是一个好评模板，因为懒，不想每个产品都写好评，所以特地，模仿一位网友写下这个模板，但这个产品质量肯定是喜欢的，如果不喜欢的话，收到东西以后会生气，然后会变，噪噪不体的评价。自然不可能撤下这个好评，这里写下，也给各位询友一个参考个这个商品还是值得购买的
透明孔雀绿+铅芯,,20600556244,5,0.9942604140344306,不是托，百乐的自动笔是真好用，而且价钱也不贵，给孩子买了几款价钱贵的笔，都不如百乐的好用，无限回购！孩子就喜欢用这款。！！
黄色杆+铅芯,,20759105233,5,0.99999999994272,1. 这是一次非常愉快的购物体验，商品质量非常好，物流也很快，非常满意！2. 很喜欢这个商品，质量很好，和卖家描述的一模一样，包装也很精美，非常满意的一次购物。3. 物流速度很快，包装仔细严实，商品质量很好，非常满意的一次购物体验。4. 卖家发货速度很快，包装很用心，商品质量也很好，非常满意，下次还会光顾的。5. 非常喜欢这个商品，质量很好，价格实惠，卖家服务态度也很好，非常满意的一次购物。
孔雀绿+铅芯,,19608255677,5,0.994870764158759,这是一个好评摸板 因为本人很懒不想每个产品都写好评，所以用了这个好评模板 ，以前不知道好评 可以涨积分，现在才知道好评的重要性！这是第 N 次在网上买东西了，物流超给力，棒捧棒，东西便宜而且质量好，物美价廉，买的放心，用的开心，感觉都买上瘾了，买 买买，根本停不下来 东西品种多而 全，划算方便，而且实惠，包装很好，而且没有任何损坏，会一直支持下去的，服务还可以一超级好用！!!!
透明粉+铅芯,,19260481707,5,0.9999999802070112,物流速度：东自营物流很快，值得赞许，昨天买的，今天下午，就收到商品了风味口感：书写流畅产品包装：标准，严谨，图片精美。产品色泽：纯正、鲜亮，一看就是大品牌支持京东商城，支持京东物流，支持大品牌，放心、安全。
苹果绿+铅芯,,19260467192,5,0.9999999802070112,物流速度：东自营物流很快，值得赞许，昨天买的，今天下午，就收到商品了风味口感：书写流畅产品包装：标准，严谨，图片精美。产品色泽：纯正、鲜亮，一看就是大品牌支持京东商城，支持京东物流，支持大品牌，放心、安全。
透明黑+铅芯,,19260441663,5,0.9999999802070112,物流速度：东自营物流很快，值得赞许，昨天买的，今天下午，就收到商品了风味口感：书写流畅产品包装：标准，严谨，图片精美。产品色泽：纯正、鲜亮，一看就是大品牌支持京东商城，支持京东物流，支持大品牌，放心、安全。
【1套】优品自动铅笔组合3件套,,20398199564,5,0.9999749703791568,以为是华为手机，结果是这么高端的铅笔盒。娃已经拿走了笔，笔芯和橡皮。值得这个价。 卖家的服务真是一流！他们把顾客的需求放在首位，耐心解答疑问，并提供了专业的建议。物流速度也很快，让我迅速收到了商品。
【1套】优品自动铅笔组合3件套,,20555959548,5,0.9993579208293375,晨光高颜值自动铅笔盒套装，京东直播间活动入手，作为孩子新学期奖励挺不错的，店家从广州发的极兔快递，三天到手，里面还配有0.5笔芯和橡皮
【1套】优品自动铅笔组合3件套,,20668250479,1,0.0014317313864077308,发回来就是坏的，不给退还要我反复安装调试至于吗？
【1套】优品自动铅笔组合3件套,,20406761624,5,0.9330227993300877,包装很精美，用起来比较舒服，个人推荐
【1套】优品自动铅笔组合3件套,,20268898146,5,0.9821529392744452,以为是华为手机，结果是这么高端的铅笔盒。娃已经拿走了笔，笔芯和橡皮。值得这个价。
【1套】优品自动铅笔组合3件套,,20473570157,5,0.9677939334519128,真的很喜欢，精致
【1套】优品自动铅笔组合3件套,,20334803703,5,0.09928912174037674,此用户未填写评价内容
【1套】优品自动铅笔组合3件套,,20272374325,5,0.8492338714489523,超级好看！！！性价比很高！！
【1套】优品自动铅笔组合3件套,,20535070461,5,0.9580624554070616,看着不错，商家贴心的给了一盒铅，还有象皮，这下就全了，孩子超爱
【1套】优品自动铅笔组合3件套,,20461666908,5,0.6576488530342873,好 送给侄女
【防断芯】单支装-0.7mm,,20166304011,5,0.9999765670053387,发货速度也很快，东西超级好，不断芯，顺滑轻便。高级。质量不错。点赞。推荐购买。物美价廉，信得过
⭐【白优】自动铅笔三件套-0.5mm,,20008279766,5,1.0,这是一款非常实用且高效的文具套装。这款套装由晨光公司出品，包含了自动铅笔、HB铅芯和少屑橡皮，适用于各种书写需求。首先，这款自动铅笔的设计非常人性化。它的笔杆采用了舒适的设计，握感十分舒适，不会让手感到疲劳。同时，它的0.5mm铅芯非常流畅，书写时能够保证线条的均匀和细腻，非常适合学生和日常书写使用。此外，它的自动出芯设计也十分实用，能够避免浪费和减少环境污染。其次，HB铅芯也是这款套装的一大亮点。这款铅芯的硬度适中，适合各种书写需求。无论是草稿还是正式书写，它都能够保证线条的清晰和稳定。而且，这款铅芯的稳定性非常好，即使长时间书写也不会出现断芯或磨损的情况。此外，少屑橡皮也是这款套装的一大亮点。这款橡皮采用了特殊的设计，能够减少橡皮屑的产生，让书写环境更加整洁。同时，它的擦拭效果也非常好，能够轻松擦除错误，保证书写的准确性。除了这些实用的特点外，这款礼盒的包装也非常精美。它采用了简约时尚的设计风格，非常符合现代人的审美观念。无论是送人还是自用都非常合适。
【简约】自动铅笔四件套-0.5mm,,19979324245,5,0.9998551462591148,一直很喜欢这款自动铅笔，美观，大气，粗细适中，搭配着笔芯和橡皮，最主要的是这款自动铅笔能够自动补偿，也就是说他能自动出芯，非常好用的功能，在不需要去按一下然后手动调整笔芯了，非常适合我这种懒人，强烈推荐大家，非常赞
【0.5mm常规】防断芯1支装,,20385187414,5,0.9999260716121728,颜值包装：颜值高手感：写字顺滑好用做工质感：高大帅气十足
【0.5mm常规】防断芯1支装,,20429433655,5,0.9999576934997695,孩子上小学三年级了，需要用自动铅笔了，晨光文具国产的，质量和设计的都很好，用着方便，也不断铅芯。孩子说很喜欢，握着也舒服。
【2.0mm正姿】优握粉色4件套,,20482199804,5,0.9999999847692014,入手这只笔蓝橙拼色，简洁美观，做工精良，手感很好，用起来真的很舒服，大品牌，使用的材料也放心。铅笔使用的是0.9的笔芯，比较粗不容易断。写起来很流畅，握手处橙色的软胶使用的是抗菌材质，还可以纠正握笔姿势。每次按压出来的笔芯长度也刚刚好，写字的时候笔芯不会晃动，有助于提升写字效率。
【0.9mm正姿】优握橙蓝3支,,20367941379,5,0.9991822376314069,质量很好，发货很快，孩子挺喜欢的，很满意
【0.5mm常规】防断芯1支装,,20352787397,5,0.9999775330441719,东西质量还可以，快递速度也很给力宝贝收到了，很惊喜，质量非常好，很满意的一次购物。我会继续回购的，店家值得信赖
【0.5mm常规】防断芯1支装,,20331389410,5,0.6401271593869609,孩子使用后才来评价的，孩子用的不错，虽然用的有点脏了。
【0.5mm常规】防断芯1支装,,20435058328,5,0.6679689066104052,质量好杠杠的还会光顾本店，服务态度很到位
【0.5mm 矫正握姿】2件套,,20155220645,5,0.9999999997102538,这款笔的材质真的特别好看手感特好，家里两兄妹，值得下次继续购买，是我喜欢的那种，一家非常喜欢的店铺，也好写好用，物流速度挺快的，写的文字也好看，非常不错的自动铅笔套装，东西品种多而且又特别全，当礼物送给他了
【0.5mm 金属笔身】3件套,,20091986573,5,0.973302975361199,京东自营，安全放心，京东物流，飞一般的速度。京东自营，安全放心，京东物流，飞一般的速度。京东自营，安全放心，京东物流，飞一般的速度。
【0.5mm 金属笔身】3件套,,19969489452,5,0.9784940837436147,因为它的重量与风度，很喜欢金属材质的笔
【2.0mm 洞洞矫姿】3件套,,20641557893,5,0.9974670746206714,非常好用！！！！！比预期的还要好！！！握笔非常舒服，凹槽的位置很符合握笔的姿势。笔芯顺滑流畅，粗细合适，写字能使上劲
【0.5mm 矫正握姿】2件套,,19967716383,5,0.9357915139822048,一次性买了好几款，发现这款很适合小朋友使用，书写流畅，上芯也方便。
【0.5mm 金属笔身】3件套,,20375468268,5,1.0,得力0.7mm2B金属活动铅笔套装收到了，自动铅笔＋橡皮+替芯，还是现在的方便！我们小时候都是用的都是最普通的，现在都是这种自动的了，写字清晰，不易折断，使用效果很好！笔身是金属喷漆的，看着就高大上。按动几下就能出了笔芯，断了还能继续按压出来，用完了就可以替换，真的很不错的！给孩子买的自动铅笔，孩子很喜欢用，质感和手感都非常不错，按起来出铅也非常顺滑，套装一起的铅芯也很好。拿在手里面也很有分量，书写起来也比较友好，套装里面有笔芯，是装在一个可以盒子里面的。有弹簧，按下去可以倒出笔芯，弹上来就关紧，大概有几十支笔芯，够用上一段时间了。自动铅笔手感超级棒，内部的结构也很精巧，用起来非常顺畅，也很轻，小孩子非常喜欢！包装简洁干净，对铅笔保护很好，这个铅笔很好用，确实不断铅，字迹均匀顺滑，握起来很舒服！非常满意的购物！ 这个商品真是物超所值！质量很好，价格也合理。卖家的服务态度也很好，及时回复我的问题，并提供了详细的产品信息。
【0.5mm 金属笔身】3件套,,20307634634,5,1.0,得力(deli)0.5mm/2B金属活动铅笔套装，自动铅笔＋橡皮+替芯33720，金属喷漆笔身铅笔，加重设计，握笔稳定       外包装精致，外形时尚，书写流畅，产品质量很好，套装很实惠，携带也方便       石墨树脂铅芯，书写过程中易着色，笔触细腻，书写顺畅，不易断芯，活动铅笔顶部设有橡皮擦，使用时拔去顶部笔帽即可，方便又快捷，卖家太用心啦！       替芯是透明材质铅盒，余量可观；树脂材质制作的橡皮擦，擦除不易留痕迹，喜欢这种省心套装，价格实惠超实用，办公必备用品 这个商品的质量非常可靠！经过使用测试，它表现出色，没有出现任何问题。卖家的服务态度也很好，给予了及时的售后支持。
【0.5mm 金属笔身】3件套,,20214114023,5,0.9842688227570148,N多次购买，京东自营方便快捷，得力也是大品牌，强强联手更好。办公用品买得力准没错。次日达也比较声音，总比自己去商场跑来跑去挑选方便。办公用品很好，会继续支持！
【0.5mm 金属笔身】3件套,,20146879523,5,1.0,头一次评论啊，该怎么说呢，打多少字才能表达我对这件衣服的爱？会不会成热门啊？我写的这么好会不会太招遥啊？写的这么深奥别人会不会看不懂啊？用了觉得很不错，商品质量好，发货也挺快的，总之就是很赞了商品质量不错，细节、品质、做工都非常好，发货贼快，快递也给力，棒棒哒~质量非常好，非常满意的一次购物。客服有问必答，非常专业材质结实，手感好，很得劲，物流也快，性价比很高，值得购买特别特别满意，超级好看，客服很有礼貌，很客气，良心商家，支持！质量很好，买的很合我心意，棒棒哒！需要的亲们可以放心购买到货就迫不及待打开了，果真没有让我失望，质量特别好，颜值也相当高，满意的一次购物质量很好哦，发货也很快，一家非常喜欢的店铺，我要疯狂推荐给朋友们质量很好哦，发货也很快，一家非常喜欢的店铺，我要疯狂推荐给朋友们一直在这里买这个，活动的时候价格很美丽，发货速度贼快，质量不错，应该是正品包装很好，质量非常棒，宝贝完全符合卖家的描述，可以放心购买感谢非常值得信赖的品牌，质量有保障，价格还亲民，相当满意东西比我想象中的还要完美，十分给力，值得入手跟实体店没有区别，还便宜，喜欢！宝贝收到
0.5mm(自动铅笔+铅芯+橡皮),,19043452096,5,1.0,得力0.7mm2B金属活动铅笔套装收到了，自动铅笔＋橡皮+替芯，还是现在的方便！我们小时候都是用的都是最普通的，现在都是这种自动的了，写字清晰，不易折断，使用效果很好！笔身是金属喷漆的，看着就高大上。按动几下就能出了笔芯，断了还能继续按压出来，用完了就可以替换，真的很不错的！给孩子买的自动铅笔，孩子很喜欢用，质感和手感都非常不错，按起来出铅也非常顺滑，套装一起的铅芯也很好。拿在手里面也很有分量，书写起来也比较友好，套装里面有笔芯，是装在一个可以盒子里面的。有弹簧，按下去可以倒出笔芯，弹上来就关紧，大概有几十支笔芯，够用上一段时间了。自动铅笔手感超级棒，内部的结构也很精巧，用起来非常顺畅，也很轻，小孩子非常喜欢！包装简洁干净，对铅笔保护很好，这个铅笔很好用，确实不断铅，字迹均匀顺滑，握起来很舒服！非常满意的购物！
【孔庙祈福套装】笔+铅芯,,20730943634,5,0.9916682692787646,质量很好，下次还回购，赶上优惠打折，物美廉价，合适，快递一如既往的快，快评，购物就认准京东，支持京东，推荐京东，感谢京东。
【考试涂卡套装】笔+芯+橡皮,,20012269217,5,1.0,晨光2B涂卡自动铅笔套装是专为学生考试设计的优品系列，内含铅笔、铅芯和少屑橡皮，是开学必备。套装中的铅笔书写流畅，设计人性化，适合长时间书写。少屑橡皮能减少碎屑产生，让书写环境整洁。此外，套装注重细节设计，外观简洁大方，线条流畅，给人现代感。价格合理，值得考虑。
【考试涂卡套装】笔+芯+橡皮,,20467665143,5,0.6134946804662837,超级喜欢，跟普通的不太一样，沉甸甸的，外观高级
【考试涂卡套装】笔+芯+橡皮,,18691179596,5,0.9970020882795074,疫情期间孩子着急考试用，京东很快送到家了，特别赞
【考试涂卡】2B套装-12支量贩装,,19163774286,5,0.8931901146013032,为京东物流点赞
【考试涂卡套装】笔+铅芯,,20240395374,5,0.7502482497733157,笔很好用，搭配买了一个涂卡专用的尺子，应该会涂的更快
【考研涂卡套装】5件套-黑,,20225159035,5,0.9996883358620207,考研凑个热闹，祝我上岸，加油
【考试涂卡套装】笔+铅芯透明款,,19209026765,5,0.7565433383503544,好评，买给孩子中考用的，不敢从其他渠道购买，还是放心官方店铺。
【金榜题名套装】笔+芯+橡皮+尺,,20584484361,5,0.7167188649487033,蓝色的不好看
【考试涂卡套装】笔+芯+橡皮,,19186195996,5,1.0,品质卓越，考试必备，实用又实惠！自从在京东购买了这款晨光(M&amp;amp;G)文具2B考试涂卡铅笔套装 学生考试练习专用自动铅笔(涂卡铅笔*1+适配2B铅芯*6根)HKMP0463，我对它的满意度非常高。这款套装不仅品质卓越，而且实用性强，为我的学习和考试提供了很大的帮助。首先，这款套装的品质让我满意。晨光(M&amp;amp;G)作为文具行业的知名品牌，其产品一直以高品质和良好的口碑著称。在实际使用中，我发现涂卡铅笔的笔尖均匀，书写流畅，铅芯稳定，非常适合考试使用。其次，这款套装的实用性让我满意。它包含一支涂卡铅笔和6根适配2B铅芯，完全满足我在日常学习和考试中的需求。同时，涂卡铅笔的设计简洁大方，握感舒适，让我在使用过程中更加轻松自如。再者，这款套装的价格让我满意。它的性价比很高，价格合理，非常适合学生使用。在京东购买这款套装，还享受到了实惠的价格和优质的服务，让我对商家的诚意表示赞赏。此外，这款套装的包装设计让我满意。它采用了环保的纸质包装，简约大方。
0.5HB【皓月白】3支笔+100铅芯 34110,,20342113576,5,0.9999897556349444,铅笔握感非常不错，送的橡皮擦的也很干净，然后送的铅笔芯的盖的孑上还自带块小橡皮擦，如果没带橡皮还可以用铝笔芯盖子上的橡皮擦，很好用。推荐大家购买 卖家的服务真是一流！他们把顾客的需求放在首位，耐心解答疑问，并提供了专业的建议。物流速度也很快，让我迅速收到了商品。
0.5HB【皓月白】3支笔+100铅芯 34110,,20165891301,5,0.9999999999966322,这个价格仍然很划算。经济、便宜、质量非常好，与卖方描述的完全一样。非常满意，完全出乎意料，超划算，划算，购物比实体店便宜多了，非常满意网上购物。我希望卖家的生意会越来越红火，物流会越来越快，包装会越来越结实。六星表扬，多一星不怕你骄傲，犹豫不决的朋友会很快下单，这是良心的推荐。它真的很好，而且价格也很高，所以你将来可以在这里买。给三个好评就满足了！满意了！满意了
0.5HB【朱青绿】3支笔+100铅芯 34110,,20701310760,5,0.9999999918763237,铅笔握感非常不错，送的橡皮擦的也很干净，然后送的铅笔芯的盖的孑上还自带块小橡皮擦，如果没带橡皮还可以用铝笔芯盖子上的橡皮擦，很好用。推荐大家购**家的服务真是一流！他们把顾客的需求放在首位，耐心解答疑问，并提供了专业的建议。物流速度也很快，让我迅速收到了商品。卖家的服务真是贴心周到！他们提供了专业的建议，帮助我选择了合适的商品。物流速度也很快，让我顺利收到了商品。
0.5HB【混色杆】3支笔+100铅芯 34110,,20183902522,5,0.9926176618710562,铅笔握感非常不错，送的橡皮擦的也很干净，然后送的铅笔芯的盖的孑上还自带块小橡皮擦，如果没带橡皮还可以用铝笔芯盖子上的橡皮擦，很好用。推荐大家购买
0.5HB【皓月白】3支笔+100铅芯 34110,,20670283310,5,0.7945466085691771,质量可以，继续关注！
0.5HB【皓月白】3支笔+100铅芯 34110,,20750006831,5,0.9964525961900985,商品质量不错，细节、品质、做工都非常好，发货贼快，快递也给力，棒棒哒~已经是第五次购买了！质量真的超好！穿上很舒服！同事朋友都叫我帮买！买到就是赚到！
0.5HB【皓月白】3支笔+100铅芯 34110,,20678015842,5,0.9999966892138036,特别棒，特别棒，世界上最棒的，好了，好了，好了，好了，好了，有，有有有。
0.5HB【皓月白】3支笔+100铅芯 34110,,20189571012,5,0.9567195958361203,笔用着真不错，非常满意，孩子很喜欢用，0.5的粗细正好，之前买的0.9感觉有点粗，孩子写作业总是弄的脏兮兮的，这个就很好用
0.5HB【皓月白】3支笔+100铅芯 34110,,20604861757,5,0.9732503886538312,质量非常好 用起来很顺滑 孩子也很喜欢
0.5HB【皓月白】3支笔+100铅芯 34110,,20237616077,5,0.9915673404077627,京东购买办公用品方便、快捷、实惠，值得推荐。
【故宫&金榜礼盒】10件套,,20299257943,5,0.9387341447949965,颜值包装：包装很精致的，顺滑程度也很好
【金榜套装】15件套含圆规,,20751388987,5,0.999985813744713,临近高考，买了送给孩子们。一套涵盖了考试必需的所有文具，省事省心。晨光大牌子，值得信赖。京东自营速度最快，晚上下单早上就收到了。
【金榜中性笔】故宫瑞兽按动5支,,20356877360,5,0.9999999440207592,该笔用的非常的顺滑，而且书写流畅，笔迹清晰，老师在电脑上阅卷的时候也看的非常的清楚！，作为一位高中老师，经常用电脑阅卷，我也为我自己的儿子买了好几盒该类型的笔做工质感：非常的棒，而且带有浓厚的文化底蕴
【云握手】按动子弹头0.5-12支,,19969845981,5,0.01910519352941642,往死里夸这个笔的设计！末端的回弹弹簧真是太好用了，哪个天才想出来的点子！      这笔停产了是不是？好久以前在店里买了一只，最近启用发现令人惊艳地好用，现在店里买不到了，好在能网购到，京东比猫快，昨天下单今天就收到了      附使用视频，字丑见谅，主要看这个回弹功能，太好用了请晨光以后多多推出这种设置的笔！
【金榜套装】15件套含圆规,,20678156813,5,0.9999951824325751,京东自营的东西，看到现在价格合适就给孩子囤了一个。嗯，备备战今年6月份中考用的文具里边东西齐全，我也没打开看，不知道好不好应该是不错吧，外包装也很严实希望孩子能考一个好成绩考到心仪的学校。
⭐【小白刷题笔】ST速干笔头-5支,,20165985541,5,0.999992879609692,孩子上学，因为买这个水笔的问题也是很纠结的，要么就是写着写着断墨了，要么就是唉，不管怎么样也没少买，这次选择了这一款嗯，感觉还挺好的，书写流畅非常的。
【云握手】白杆ST笔尖-6支,,20217040798,5,0.9999813509838782,速干中性笔，舒适握，缓解中指压力，不错的呢，很顺滑，手感也很舒服的呢。
【金榜中性笔】故宫瑞兽按动5支,,20392012825,5,0.9999963988766648,一直用晨光，也一直在京东购物，收到货，孩子喜欢的不得了，跟捡到宝贝似的，非常精致，笔还是一如既往的好用，流畅，包装精美，真的非常不错。
【小分贝刷题笔】按动静音4支,,20255160102,5,0.9978269097648984,每一次都很满意，这次选的宝贝更加满意，以后还会一如既往地买下去
【静音小分贝】按动-黑色0.5-4支,,19168266971,5,0.9958564975660295,做工质感：这个笔按动起来的确声音很小，这点儿是上学的学生最需要的，这样用起来不会打扰到人。颜值包装：白色自带颜值，还有小窗来检视墨水量。顺滑程度：书写很顺滑，下水量足，速干型不会抹，还没试试看会不会遇水洇。
【防断芯】单支装-0.7mm,,20166304011,5,0.9999765670053387,发货速度也很快，东西超级好，不断芯，顺滑轻便。高级。质量不错。点赞。推荐购买。物美价廉，信得过
⭐【白优】自动铅笔三件套-0.5mm,,20008279766,5,1.0,这是一款非常实用且高效的文具套装。这款套装由晨光公司出品，包含了自动铅笔、HB铅芯和少屑橡皮，适用于各种书写需求。首先，这款自动铅笔的设计非常人性化。它的笔杆采用了舒适的设计，握感十分舒适，不会让手感到疲劳。同时，它的0.5mm铅芯非常流畅，书写时能够保证线条的均匀和细腻，非常适合学生和日常书写使用。此外，它的自动出芯设计也十分实用，能够避免浪费和减少环境污染。其次，HB铅芯也是这款套装的一大亮点。这款铅芯的硬度适中，适合各种书写需求。无论是草稿还是正式书写，它都能够保证线条的清晰和稳定。而且，这款铅芯的稳定性非常好，即使长时间书写也不会出现断芯或磨损的情况。此外，少屑橡皮也是这款套装的一大亮点。这款橡皮采用了特殊的设计，能够减少橡皮屑的产生，让书写环境更加整洁。同时，它的擦拭效果也非常好，能够轻松擦除错误，保证书写的准确性。除了这些实用的特点外，这款礼盒的包装也非常精美。它采用了简约时尚的设计风格，非常符合现代人的审美观念。无论是送人还是自用都非常合适。
【简约】自动铅笔四件套-0.5mm,,19979324245,5,0.9998551462591148,一直很喜欢这款自动铅笔，美观，大气，粗细适中，搭配着笔芯和橡皮，最主要的是这款自动铅笔能够自动补偿，也就是说他能自动出芯，非常好用的功能，在不需要去按一下然后手动调整笔芯了，非常适合我这种懒人，强烈推荐大家，非常赞
⭐【0.5mm常规】全金属3件套,,20644926761,5,0.9999978655586813,挺好用，大品牌，质量好，物美价廉，非常喜欢，非常满意，送货快！挺好用，大品牌，质量好，物美价廉，非常喜欢，非常满意，送货快！
【2.0mm正姿】优握粉色4件套,,20482199804,5,0.9999999847692014,入手这只笔蓝橙拼色，简洁美观，做工精良，手感很好，用起来真的很舒服，大品牌，使用的材料也放心。铅笔使用的是0.9的笔芯，比较粗不容易断。写起来很流畅，握手处橙色的软胶使用的是抗菌材质，还可以纠正握笔姿势。每次按压出来的笔芯长度也刚刚好，写字的时候笔芯不会晃动，有助于提升写字效率。
【0.9mm正姿】优握橙蓝3支,,20367941379,5,0.9991822376314069,质量很好，发货很快，孩子挺喜欢的，很满意
【0.5mm常规】防断芯1支装,,20385187414,5,0.9999260716121728,颜值包装：颜值高手感：写字顺滑好用做工质感：高大帅气十足
【0.5mm常规】本味3件套,,20519129742,5,0.38289245086096924,第一感官***干净净，符合我的审美，握笔处软胶皮材质，书写很舒服，不断签，配套非常好
【0.5mm常规】低重心银色3支,,20420821093,5,0.9938124502436596,这个笔非常好用。手感很好，然后用起来的话也非常顺手。很值得这个价格。
【0.9mm正姿】优握粉绿3支,,20737110347,5,0.8837190668305871,第二次买这个笔了  质量好  关键送货还快
透明黑（单支装）,,19584229034,5,0.5402163972549477,自动铅笔很有意思，在写字的时候笔芯会一点一点自己动，写出来的字不用调整握姿就可以粗细一致，视频里笔杆内部的小标志可以看出来每写一笔都在动。（视频卡点卡的可以）
透明粉（单支装）,,19213291063,5,0.9988197647235826,这个牌子的笔，从孩子那边反馈回来的信息很好用，之前买的都是比较贵的，这次看到京东上有活动，价格很划算就买回来看看，这款是塑料材质的，很轻，出铅顺畅，具体感觉用用再看看。
透明黑（单支装）,,19275337423,5,0.9994165701915241,很好的一款产品，值得选购，物美价廉，童叟无欺，品质过硬，我很信赖～推荐给朋友们～也感谢平台和厂家提供这样的好产品～大家的嘉奖就是最好的回馈～
透明蓝（单支装）,,19185280311,5,0.9578834086467423,质量很好，收到货第一时间打开看了，很不错，很满意
透明蓝（单支装）,,13810465399,5,0.9999996926079079,做工质感：质感巨好，果然进口的就是不一样。日本果然比中国国产好100倍。颜值包装：包装虽然很一般，但是我看的是它的品质，而不是它的包装包装，又一个小塑料袋包装的。顺滑程度：这一支笔非常的舒服，非常的流畅，非常的好写，就一个字买就对了，贵就对了。手感：句号没得说，比任何国策你好100倍。字迹粗细：还好0.5特别标准的。其他特色：自动旋转，黑科技非常有名。
透明粉（单支装）,,19704029048,5,0.9415268777872349,给孩子买的，孩子说用起来挺好的，比之前买的自动铅笔好用，握起来挺舒服的，写起字来也比较顺滑，颜值可以，包装比较简陋，但是也无所谓了，反正包装也不重要
透明黑（单支装）,,20069346536,5,0.8702703718455174,写起来顺滑，笔画可以保持细致，但要注意下笔要有一定力度，才能让笔尖转动，如果笔的倾斜较大转动触发需要刻意发力，笔尖也不能保持特别圆滑的状态
透明蓝（单支装）,,19874508102,5,0.9914344467924403,三菱机芯，品质好，国产性价高。
透明黑（单支装）,,20311827285,5,0.9714454608943719,这款铅笔还真不错，非常丝滑，配了这款铅，写起来真的体验感很好，虽然寄来的时候就是一个小基本的快递袋子，但是不影响质量和使用
透明绿（单支装）,,20320153322,5,0.8809286903008218,很好用。笔尖可以转
蓝色杆 0.5mm,,17559702229,5,0.9999999061447126,做工质感：做工精致！日匠严谨认真的体现颜值包装：简易包装！顺滑程度：出铅稳定，铜材三抓瓣，使笔芯牢固。保证书写质量和流畅！手感：很好！硅胶笔握书写舒服，贴肤感极强！字迹粗细：粗细符合学习生活要求！其他特色：自带橡皮，放便学习时应急修改！贴心的还设计了盖帽，防丢的同时还防止弄脏！可伸缩性笔尖！不易摔坏！
蓝色杆 0.5mm,,20107578164,5,0.9931362298639238,这个自动铅笔特别好，握笔不往下滑，之前给孩子买的笔，我笔太细了，还是拿着不舒服，这一款握笔特别舒服，颜色也好看，质量也好，重要的是还特别便宜，比店里便宜十几块钱，真是性价比太高了，一下子买了三个孩子自动笔容易坏，换着用建议回购
黑色杆 0.5mm,,18481953717,5,0.9913785601658648,颜值包装：包装完整，没有破损做工质感：：自动笔做工良好，细腻，出铅有力，不断铅；铅芯外观设计新颖，写出来的字乌黑。
粉色杆 0.5mm,,18377187488,5,0.9992577503505489,全日文标签，完全看不懂。写字舒适度很高，适合长时间写字，给娃用很合适。
黑色杆 0.5mm,,20248527460,5,0.9944595769089758,斑马的这个铅笔质量一如既往的好，手感还是一样的手感。用起来的话会比其他牌子的要顺手一些，而且不容易坏，有一些旧的已经用了五六年了，都还跟新的一样好用。
浅蓝色杆 0.5mm,,20355352321,5,0.9599122446040471,第一次买斑马的自动铅笔，手感很好，哈哈。写出来的字还挺清楚的，另外买了一盒笔芯搭配着用。
黑色杆 0.5mm,,18731403719,5,0.9976737117705308,蛮好！价格便宜，客服不错，物流可以，质量不错，五星！在网上逛了很久的时候发现此商品特价优惠券下来价格便宜的，直接购买的商品的哇！收到快递速度还是特别的快，第二天就收到了，外包装还是不错的，使用起来简单方便的，下次还会再次购买的商品的哇！
黑色杆 0.5mm,,18569613773,5,0.9999998586583037,这铅笔，做工质量也太好了，给我家宝屯着上小学用，大牌子值得信赖，书写顺畅顺滑程度：顺滑颜值包装：大气独立包装手感：好用字迹粗细：可以可以
蓝色杆 0.5mm,,20359807442,5,0.9219290300611204,这个牌子的笔用了很多年了，也在京东买了很多次斑马牌子觉得还不错
黑色杆 0.5mm,,19632435540,5,0.9999998950213757,斑马活动铅笔，书写顺滑，粗细适中，不易断芯，经典款手握感舒适，大品牌，性价比高，中小学生都合适，配合笔芯一起买，值得推荐！
【1套】优品自动铅笔组合3件套,,20398199564,5,0.9999749703791568,以为是华为手机，结果是这么高端的铅笔盒。娃已经拿走了笔，笔芯和橡皮。值得这个价。 卖家的服务真是一流！他们把顾客的需求放在首位，耐心解答疑问，并提供了专业的建议。物流速度也很快，让我迅速收到了商品。
【1套】优品自动铅笔组合3件套,,20555959548,5,0.9993579208293375,晨光高颜值自动铅笔盒套装，京东直播间活动入手，作为孩子新学期奖励挺不错的，店家从广州发的极兔快递，三天到手，里面还配有0.5笔芯和橡皮
【1套】优品自动铅笔组合3件套,,20668250479,1,0.0014317313864077308,发回来就是坏的，不给退还要我反复安装调试至于吗？
【1套】优品自动铅笔组合3件套,,20406761624,5,0.9330227993300877,包装很精美，用起来比较舒服，个人推荐
【1套】优品自动铅笔组合3件套,,20268898146,5,0.9821529392744452,以为是华为手机，结果是这么高端的铅笔盒。娃已经拿走了笔，笔芯和橡皮。值得这个价。
【1套】优品自动铅笔组合3件套,,20473570157,5,0.9677939334519128,真的很喜欢，精致
【1套】优品自动铅笔组合3件套,,20334803703,5,0.09928912174037674,此用户未填写评价内容
【1套】优品自动铅笔组合3件套,,20272374325,5,0.8492338714489523,超级好看！！！性价比很高！！
【1套】优品自动铅笔组合3件套,,20535070461,5,0.9580624554070616,看着不错，商家贴心的给了一盒铅，还有象皮，这下就全了，孩子超爱
【1套】优品自动铅笔组合3件套,,20461666908,5,0.6576488530342873,好 送给侄女
【0.5mm 樱律】3支笔60支铅芯,,20588785875,5,0.9999917736490422,自动铅笔精致美观，质量不错，给小朋友带到学校用非常好，发货非常快。
【0.5mm 浅蓝】3笔3铅,,19239353217,5,0.9999985127487979,做工质感：得力，专业做学习文具用品，质量杠杠的，非常好，很不错，颜值包装：颜值包装大气，高大上手感：写字手感非常好，柔软，笔芯不易断，字迹粗细：字迹0.5，写字起来不粗也不细了
,,15592619652,5,0.9999999757299894,给孩子买的，上学老是丢，所以备一些还是很有必要的，这个笔颜值很高，孩子很喜欢，但是也不花哨，不会吸引孩子注意力，我真的觉得这一点是真的很好呀。上次买过这款，是在店里买的，很滑顺，基本上不断芯，书写流畅，网上买还是划算一些，京东买东西已经习惯了，送的快，用着也好，用完还会回购的，向大家推荐！孩子吵着说要赶紧用，呵呵，这次真的买对啦！
【0.5mm 白色】3支笔100支铅芯,,20323525700,5,0.9999486627147993,以成年人的感觉这款自动铅笔握感舒适，有防滑胶套，很柔软。书写舒畅，没有突然断笔芯的情况，清晰度也是HB的淡黑色，得力品牌的做工很好，没有毛刺，塑料件没有任何异味。总得来说性价比高。快递小哥也很好，送货上门！
【0.5mm 纯白】3支笔60支铅芯,,20591147175,5,0.9979691592166311,很棒的笔下次还会再来买值得推荐
【0.5mm 白色】3支笔100支铅芯,,20639993240,5,0.3617553456028282,得力(deli)手护者大面积护套书写不累手 缓冲防断芯自动铅笔套装0.5mm(活动铅*3+HB铅芯*1) 白色 以经收到了
【0.7mm 纯白】3支笔60支铅芯,,20233214161,5,0.6403978451162066,孩子自己挑的这个自动铅笔，用完说就是好用，京东快递也是棒棒哒，第一天晚上下的单，第二天中午就送到了，孩子下午上学就都已经用是上了，真是一点也不耽误事，棒棒哒！这个来说必须好评！
【0.5mm 樱律】3支笔60支铅芯,,20620568441,5,0.956540725754993,速度真的很快，第二天就到了，质量很好，后面八开还有橡皮
【0.5mm 樱律】3支笔60支铅芯,,20433602488,5,0.9774950847726404,在挺喜欢的，还不错，比实体店买便宜
【0.7mm 纯白】3支笔60支铅芯,,20333963637,5,0.9999997308134613,这笔很好用，书写流畅清晰，橡皮擦也比较耐用，擦的比较干净，值得大家推荐，值得大家购买，下次还会继续光顾，尺子之类的有一整套，质量各方面都很不错，下次还要购买，外观包装各方面都很漂亮，结实。
【正姿】HB-12支,,20638586786,5,1.0,晨光品牌的铅笔，质量好。而且我买的很便宜比大家便宜，京东很棒。真的是一款让人眼前一亮的文具产品。无论是外观设计、品质还是使用体验，都堪称上乘之作。首先，晨光铅笔的外观设计简约而时尚，色彩搭配恰到好处，给人一种清新、活力的感觉。笔杆握感舒适，不易打滑，即使长时间使用也不会感到疲劳。其次，晨光铅笔的笔芯质量堪称一绝。书写流畅，不易断芯，让我在写作和绘图时都能得心应手。而且，笔芯的颜色鲜艳且均匀，让我在书写时更加自信。此外，晨光品牌还非常注重环保理念。铅笔采用环保材料制作，既保证了品质，又降低了对环境的污染。这一点让我对晨光品牌充满了敬意。总的来说，晨光品牌的铅笔是一款非常值得推荐的文具产品。它的品质、设计和环保理念都让人满意。如果你正在寻找一款既实用又美观的铅笔，那么晨光品牌绝对是一个不错的选择。无论是学生、职场人士还是艺术爱好者，它都能成为你书写、绘图的好帮手。
【正姿】HB-30支,,20165860429,5,0.9999421838839263,"下次记得用纸箱裹一下，1、质量非常好，与卖家描述的完全一致，非常满意,真的很喜欢，完全超出期望值，发货速度非常快，包装非常仔细、严实，物流公司服务态度很好，运送速度很快，很满意的一次购物，有需要会再次光临的。"
【正姿】HB-12支,,20331397068,5,0.9999945946006269,这个毕质量挺好的，并且也很好看，孩子很喜欢迫不及待的就用上了，写的作业也挺好的，除夕正好削笔刀可以削完全契合不错呀
【可换芯】HB免削铅笔A款,,20471455437,5,1.0,东西收到，很满意!!真的是超级好的卖家，解答疑问不厌其烦，细致认真，关键是东西好，而且货物发得超快，包装仔细，值得信赖!质量非常好，真出乎我的意料，包装非常仔细，非常感谢，祝生意兴隆!非常好，质量好，掌柜服务态度也非常的好，大大的赞一个~亲，宝贝收到了，我超喜欢，做工质地都好得没话说，呵呵，服务态度也超好，很有心的店家，以后常光顾质量非常好，与卖家描述的完全一致，非常满意真的很喜欢，稜全超出期望值，发货速度非常快，包装非常仔细、严实，物流公司服务态度很好，运送速度很快，很满意的一次购物。终于收到我需要的宝贝了，东西很好，价美物廉，谢谢掌柜的!说实在，这是我购物来让我最满意的一次购物。无论是掌柜的态度还是对物品，我都非常满意的。掌柜态度很专业热情，有问必答，回复也很快，我问了不少问题，他都不觉得烦，都会认真回答我，这点我向掌柜表示由衷的敬意，这样的好掌柜可不多。掌柜的服务态度真好，发货很快。商品质量也相当不错。太喜欢了，谢谢!好卖家，真有耐心，我终于买到想要的东西了。谢谢卖家。无意中来到你小铺就淘到心意的宝贝，心情不错!店家很讲信誉，而且很不错哦，在这家店买东东，我很满意~
【正姿】2B-12支,,19353361690,5,0.9990930754486638,孩子上学，要用的笔，本子多了起来，趁着搞活动，多屯一些起来，孩子开学随便用，价格便宜，包装精美，很多支笔，这个价格很划算，本子也厚实，耐擦耐磨。
【正姿】HB-12支,,20732989426,5,0.9999999999999836,晨光品牌的铅笔，我买的便宜，具体大家可以看一下商品的晒单视频。真是学习的好伙伴！笔身设计精巧，握感舒适，书写流畅且不易断芯。无论是绘图还是日常书写，都能轻松应对。晨光铅笔的笔芯质地优良，颜色饱满，持久耐用。价格亲民，性价比超高，是学生和办公族的理想选择！
【正姿】2B-30支,,20513385748,5,0.9967078044317694,大牌子值得信赖，小孩子很喜欢。
【正姿】HB-12支,,19987782237,5,0.9999999026583185,做工质感：三角形的笔杆适合孩子握持保存握笔姿势颜值包装：盒装五颜六色的孩子很喜欢顺滑程度：笔迹顺滑，字迹清晰手感：手感比较适合孩子握持字迹粗细：字迹清晰，感觉不错其他特色：盒装各种颜色孩子喜欢
【可换芯】HB免削铅笔A款,,20059597995,5,0.999999349312338,挺好的，买过好几次了，希望有更多的款式和优惠活动，还会继续关注，合适的话还会继续购买。希望有更多的优惠活动，会实时关注的 茶台质感不错，很光滑，里面的配件也很齐全，龙头有点瑕疵，客服也第一时间联系沟通，帮忙重新补发，实物和图片一样，用了两天了，截止目前没有发现问题，感受不错，很满意。
【可换芯】HB免削铅笔A款,,20306911878,5,0.09928912174037674,此用户未填写评价内容
,,20774738419,5,0.9427469586920235,孩子是特别喜欢，自带卷笔刀，很方便
,,20786234877,5,0.9970259554491828,包装很好，颜值不错，质量也没有问题真的推荐啊，快递速度特别的快，爱了爱了
,,20760476550,5,0.9999839777611625,买回来考试用的 希望这次转正考试顺顺利利通过。加油 你是最棒的。
,,20772796033,5,0.8958505998797236,之前用的铅笔，比较麻烦，给娃改用自动铅笔，能方便点，比较好用。换笔芯也方便
,,20798447937,5,0.9562806622403877,还可以，就是用的久，消耗快，老要去削，有点不方便
,,20742025694,5,0.9081670619892388,好！非常好！质量好，和实体店一样，颜色正，是我喜欢的
,,20790708061,5,0.9624712754667312,质量很好，很适合孩子练习。
,,20746332693,5,0.9410056946328343,女儿很喜欢，再次购买了
,,20684100176,5,0.9386124882928016,发货很快，物品价格实惠，好评
,,20731077889,5,0.8555257378764562,习惯性好评，推荐购买。
【防断芯】单支装-0.7mm,,20166304011,5,0.9999765670053387,发货速度也很快，东西超级好，不断芯，顺滑轻便。高级。质量不错。点赞。推荐购买。物美价廉，信得过
⭐【白优】自动铅笔三件套-0.5mm,,20008279766,5,1.0,这是一款非常实用且高效的文具套装。这款套装由晨光公司出品，包含了自动铅笔、HB铅芯和少屑橡皮，适用于各种书写需求。首先，这款自动铅笔的设计非常人性化。它的笔杆采用了舒适的设计，握感十分舒适，不会让手感到疲劳。同时，它的0.5mm铅芯非常流畅，书写时能够保证线条的均匀和细腻，非常适合学生和日常书写使用。此外，它的自动出芯设计也十分实用，能够避免浪费和减少环境污染。其次，HB铅芯也是这款套装的一大亮点。这款铅芯的硬度适中，适合各种书写需求。无论是草稿还是正式书写，它都能够保证线条的清晰和稳定。而且，这款铅芯的稳定性非常好，即使长时间书写也不会出现断芯或磨损的情况。此外，少屑橡皮也是这款套装的一大亮点。这款橡皮采用了特殊的设计，能够减少橡皮屑的产生，让书写环境更加整洁。同时，它的擦拭效果也非常好，能够轻松擦除错误，保证书写的准确性。除了这些实用的特点外，这款礼盒的包装也非常精美。它采用了简约时尚的设计风格，非常符合现代人的审美观念。无论是送人还是自用都非常合适。
【简约】自动铅笔四件套-0.5mm,,19979324245,5,0.9998551462591148,一直很喜欢这款自动铅笔，美观，大气，粗细适中，搭配着笔芯和橡皮，最主要的是这款自动铅笔能够自动补偿，也就是说他能自动出芯，非常好用的功能，在不需要去按一下然后手动调整笔芯了，非常适合我这种懒人，强烈推荐大家，非常赞
【2.0mm正姿】优握粉色4件套,,20482199804,5,0.9999999847692014,入手这只笔蓝橙拼色，简洁美观，做工精良，手感很好，用起来真的很舒服，大品牌，使用的材料也放心。铅笔使用的是0.9的笔芯，比较粗不容易断。写起来很流畅，握手处橙色的软胶使用的是抗菌材质，还可以纠正握笔姿势。每次按压出来的笔芯长度也刚刚好，写字的时候笔芯不会晃动，有助于提升写字效率。
【0.9mm正姿】优握橙蓝3支,,20367941379,5,0.9991822376314069,质量很好，发货很快，孩子挺喜欢的，很满意
【本味】自动铅笔三件套-0.5mm,,20012287475,5,0.9999999999995164,套装含铅笔、HB铅芯和少屑橡皮，笔尖流畅，出墨均匀，笔杆舒适，铅芯可更换。HB铅芯适合绘画和书法，品质不错，颜色适中。少屑橡皮减少碎屑，让书写环境整洁，擦除效果出色。套装性价比高，方便实用，注重细节设计。
【优握】正姿蓝杆四件套-2.0mm,,20113871123,5,0.9883747414265004,这款晨光自动铅笔非常好用、采用2.0mm笔芯、笔筒很好用可以矫正握姿、还配备了笔芯卷笔刀、还配备了4B橡皮和一盒铅笔芯、非常不错。
【国潮】自动铅笔三件套-0.5mm,,19991636518,5,0.9999984518810522,这款笔非常好用，很多小伙伴都在用，不打铅芯，并且感觉绵绵的，特别好操作，笔迹流畅，价廉物美，物超所值，颜值担当，全程选它了，需要放心选吧！
【0.5mm常规】防断芯1支装,,20385187414,5,0.9999260716121728,颜值包装：颜值高手感：写字顺滑好用做工质感：高大帅气十足
【0.5mm常规】防断芯1支装,,20429433655,5,0.9999576934997695,孩子上小学三年级了，需要用自动铅笔了，晨光文具国产的，质量和设计的都很好，用着方便，也不断铅芯。孩子说很喜欢，握着也舒服。
【防断芯】单支装-0.7mm,,20166304011,5,0.9999765670053387,发货速度也很快，东西超级好，不断芯，顺滑轻便。高级。质量不错。点赞。推荐购买。物美价廉，信得过
⭐【白优】自动铅笔三件套-0.5mm,,20008279766,5,1.0,这是一款非常实用且高效的文具套装。这款套装由晨光公司出品，包含了自动铅笔、HB铅芯和少屑橡皮，适用于各种书写需求。首先，这款自动铅笔的设计非常人性化。它的笔杆采用了舒适的设计，握感十分舒适，不会让手感到疲劳。同时，它的0.5mm铅芯非常流畅，书写时能够保证线条的均匀和细腻，非常适合学生和日常书写使用。此外，它的自动出芯设计也十分实用，能够避免浪费和减少环境污染。其次，HB铅芯也是这款套装的一大亮点。这款铅芯的硬度适中，适合各种书写需求。无论是草稿还是正式书写，它都能够保证线条的清晰和稳定。而且，这款铅芯的稳定性非常好，即使长时间书写也不会出现断芯或磨损的情况。此外，少屑橡皮也是这款套装的一大亮点。这款橡皮采用了特殊的设计，能够减少橡皮屑的产生，让书写环境更加整洁。同时，它的擦拭效果也非常好，能够轻松擦除错误，保证书写的准确性。除了这些实用的特点外，这款礼盒的包装也非常精美。它采用了简约时尚的设计风格，非常符合现代人的审美观念。无论是送人还是自用都非常合适。
【简约】自动铅笔四件套-0.5mm,,19979324245,5,0.9998551462591148,一直很喜欢这款自动铅笔，美观，大气，粗细适中，搭配着笔芯和橡皮，最主要的是这款自动铅笔能够自动补偿，也就是说他能自动出芯，非常好用的功能，在不需要去按一下然后手动调整笔芯了，非常适合我这种懒人，强烈推荐大家，非常赞
【2.0mm正姿】优握粉色4件套,,20482199804,5,0.9999999847692014,入手这只笔蓝橙拼色，简洁美观，做工精良，手感很好，用起来真的很舒服，大品牌，使用的材料也放心。铅笔使用的是0.9的笔芯，比较粗不容易断。写起来很流畅，握手处橙色的软胶使用的是抗菌材质，还可以纠正握笔姿势。每次按压出来的笔芯长度也刚刚好，写字的时候笔芯不会晃动，有助于提升写字效率。
【0.9mm正姿】优握橙蓝3支,,20367941379,5,0.9991822376314069,质量很好，发货很快，孩子挺喜欢的，很满意
【本味】自动铅笔三件套-0.5mm,,20012287475,5,0.9999999999995164,套装含铅笔、HB铅芯和少屑橡皮，笔尖流畅，出墨均匀，笔杆舒适，铅芯可更换。HB铅芯适合绘画和书法，品质不错，颜色适中。少屑橡皮减少碎屑，让书写环境整洁，擦除效果出色。套装性价比高，方便实用，注重细节设计。
【优握】正姿蓝杆四件套-2.0mm,,20113871123,5,0.9883747414265004,这款晨光自动铅笔非常好用、采用2.0mm笔芯、笔筒很好用可以矫正握姿、还配备了笔芯卷笔刀、还配备了4B橡皮和一盒铅笔芯、非常不错。
【国潮】自动铅笔三件套-0.5mm,,19991636518,5,0.9999984518810522,这款笔非常好用，很多小伙伴都在用，不打铅芯，并且感觉绵绵的，特别好操作，笔迹流畅，价廉物美，物超所值，颜值担当，全程选它了，需要放心选吧！
【0.5mm常规】防断芯1支装,,20385187414,5,0.9999260716121728,颜值包装：颜值高手感：写字顺滑好用做工质感：高大帅气十足
【0.5mm常规】防断芯1支装,,20429433655,5,0.9999576934997695,孩子上小学三年级了，需要用自动铅笔了，晨光文具国产的，质量和设计的都很好，用着方便，也不断铅芯。孩子说很喜欢，握着也舒服。
黑色杆+铅芯,,20474351596,5,0.8282552451314741,这个笔很好用，写字顺滑不易断铅。这些年来给孩子买笔发现笔还是要买好用的，要不用不了多长时间就坏了。不好的还得多买几个，总好来看，还是买好的划算。
蓝色杆+铅芯,,20643638031,5,0.9990382936879677,日本百乐可擦笔质量强大 产品品质优良 强烈推荐日本百乐可擦笔!
透明黑+铅芯,,19260441663,5,0.9999999802070112,物流速度：东自营物流很快，值得赞许，昨天买的，今天下午，就收到商品了风味口感：书写流畅产品包装：标准，严谨，图片精美。产品色泽：纯正、鲜亮，一看就是大品牌支持京东商城，支持京东物流，支持大品牌，放心、安全。
透明黑+铅芯,,20088184689,5,0.9999987128024321,百乐自动铅笔真的超级好用！它的自动出铅功能真的非常方便，让我在写字的时候不用频繁地更换铅笔。而且，它的书写流畅，字迹清晰，让我写出来的字更加美观。另外，百乐自动铅笔的笔杆非常舒适，手感非常好，长时间写字也不会感到疲劳。总之，我非常喜欢百乐自动铅笔，它是我学习的好帮手！
黑色杆+铅芯,,20445865741,5,0.9999942571100795,相当于买了学习必备全家桶了，polit的笔确实好用，拿起来也很舒适，书写非常流畅，这也是我从高中一直选择polit的原因，用这么多年没遇到断墨的情况，非常稳定，值得信赖
透明黑+铅芯,,18952996872,5,0.9999985269856155,买回来写了这么久，还没有断过芯！！不得不说这笔真是名副其实的百乐，品质绝对OK！用起来手握感很好，书写非常流利，不费劲。因为这支铅笔，孩子都特别喜欢做数学题目，说画图什么的感觉非常棒！真的是：用一次，就爱上了它！
透明黑+铅芯,,20681305910,5,0.999977831853133,是正品，跟商店里买的是一样的，在这网购方便快捷，品质放心，还会光顾！.^^.总体来说，确实很不错，客服的服务态度也很棒，说话几乎马上就会回消息，物超所值，真心推荐
黑色杆+铅芯,,20602931046,5,0.10392601817258107,以前基本没有认真评价过，不知浪费了多少京豆。这个真的不错，妥妥每次都写一百多字，这是第 N 次在 JD 上买东西了捧捧捧，好厉害好东西便宜而且质量好，物美价廉买的放心，用的开心，感觉都买，上了，买买买根本停不下来，东西品种多而且有特别全，划算，方便，而且实惠，包装很好，而且没有任何损坏，会一直支持下去，服务还可以。这是一个好评模板，因为懒，不想每个产品都写好评，所以特地，模仿一位网友写下这个模板，但这个产品质量肯定是喜欢的，如果不喜欢的话，收到东西以后会生气，然后会变，噪噪不体的评价。自然不可能撤下这个好评，这里写下，也给各位询友一个参考个这个商品还是值得购买的
黄色杆+铅芯,,20759105233,5,0.99999999994272,1. 这是一次非常愉快的购物体验，商品质量非常好，物流也很快，非常满意！2. 很喜欢这个商品，质量很好，和卖家描述的一模一样，包装也很精美，非常满意的一次购物。3. 物流速度很快，包装仔细严实，商品质量很好，非常满意的一次购物体验。4. 卖家发货速度很快，包装很用心，商品质量也很好，非常满意，下次还会光顾的。5. 非常喜欢这个商品，质量很好，价格实惠，卖家服务态度也很好，非常满意的一次购物。
透明粉+铅芯,,19260481707,5,0.9999999802070112,物流速度：东自营物流很快，值得赞许，昨天买的，今天下午，就收到商品了风味口感：书写流畅产品包装：标准，严谨，图片精美。产品色泽：纯正、鲜亮，一看就是大品牌支持京东商城，支持京东物流，支持大品牌，放心、安全。
【防断芯】单支装-0.7mm,,20166304011,5,0.9999765670053387,发货速度也很快，东西超级好，不断芯，顺滑轻便。高级。质量不错。点赞。推荐购买。物美价廉，信得过
⭐【白优】自动铅笔三件套-0.5mm,,20008279766,5,1.0,这是一款非常实用且高效的文具套装。这款套装由晨光公司出品，包含了自动铅笔、HB铅芯和少屑橡皮，适用于各种书写需求。首先，这款自动铅笔的设计非常人性化。它的笔杆采用了舒适的设计，握感十分舒适，不会让手感到疲劳。同时，它的0.5mm铅芯非常流畅，书写时能够保证线条的均匀和细腻，非常适合学生和日常书写使用。此外，它的自动出芯设计也十分实用，能够避免浪费和减少环境污染。其次，HB铅芯也是这款套装的一大亮点。这款铅芯的硬度适中，适合各种书写需求。无论是草稿还是正式书写，它都能够保证线条的清晰和稳定。而且，这款铅芯的稳定性非常好，即使长时间书写也不会出现断芯或磨损的情况。此外，少屑橡皮也是这款套装的一大亮点。这款橡皮采用了特殊的设计，能够减少橡皮屑的产生，让书写环境更加整洁。同时，它的擦拭效果也非常好，能够轻松擦除错误，保证书写的准确性。除了这些实用的特点外，这款礼盒的包装也非常精美。它采用了简约时尚的设计风格，非常符合现代人的审美观念。无论是送人还是自用都非常合适。
【简约】自动铅笔四件套-0.5mm,,19979324245,5,0.9998551462591148,一直很喜欢这款自动铅笔，美观，大气，粗细适中，搭配着笔芯和橡皮，最主要的是这款自动铅笔能够自动补偿，也就是说他能自动出芯，非常好用的功能，在不需要去按一下然后手动调整笔芯了，非常适合我这种懒人，强烈推荐大家，非常赞
【2.0mm正姿】优握粉色4件套,,20482199804,5,0.9999999847692014,入手这只笔蓝橙拼色，简洁美观，做工精良，手感很好，用起来真的很舒服，大品牌，使用的材料也放心。铅笔使用的是0.9的笔芯，比较粗不容易断。写起来很流畅，握手处橙色的软胶使用的是抗菌材质，还可以纠正握笔姿势。每次按压出来的笔芯长度也刚刚好，写字的时候笔芯不会晃动，有助于提升写字效率。
【0.9mm正姿】优握橙蓝3支,,20367941379,5,0.9991822376314069,质量很好，发货很快，孩子挺喜欢的，很满意
【0.5mm常规】防断芯1支装,,20385187414,5,0.9999260716121728,颜值包装：颜值高手感：写字顺滑好用做工质感：高大帅气十足
【0.5mm常规】防断芯1支装,,20429433655,5,0.9999576934997695,孩子上小学三年级了，需要用自动铅笔了，晨光文具国产的，质量和设计的都很好，用着方便，也不断铅芯。孩子说很喜欢，握着也舒服。
⭐【0.5mm常规】全金属3件套,,20644926761,5,0.9999978655586813,挺好用，大品牌，质量好，物美价廉，非常喜欢，非常满意，送货快！挺好用，大品牌，质量好，物美价廉，非常喜欢，非常满意，送货快！
【0.5mm常规】本味3件套,,20519129742,5,0.38289245086096924,第一感官***干净净，符合我的审美，握笔处软胶皮材质，书写很舒服，不断签，配套非常好
【0.5mm常规】低重心银色3支,,20420821093,5,0.9938124502436596,这个笔非常好用。手感很好，然后用起来的话也非常顺手。很值得这个价格。
8支笔+120根芯+1不脏手铅刀,,20767792152,4,0.9999991764698876,设计科学合理，方便实用，美观简洁，价格实惠，学生首选，京东商城，安全保证，质量可靠，值得推荐购买！
8支笔+120根芯+1不脏手铅刀,,20677834759,5,0.9999985851753899,小朋友在学校看到同学都在用这款，买回来试一下很不错，比普通的铅笔方便很多，小朋友很喜欢，写起来也不容易断，非常不错的一款产品。
8支笔+120根芯+1不脏手铅刀,,20403632987,5,0.9764254089381353,京东自营溢价好高，价保很好，服务也好，第二天到很方便，退换无忧，外卖小哥热情洋溢，包装很好！客服态度好，自营方便快捷无假货。好！好！好！
8支笔+120根芯+1不脏手铅刀,,20403634279,5,0.9764254089381353,京东自营溢价好高，价保很好，服务也好，第二天到很方便，退换无忧，外卖小哥热情洋溢，包装很好！客服态度好，自营方便快捷无假货。好！好！好！
8支笔+120根芯+1不脏手铅刀,,20275397684,5,0.9743344506970282,娃娃很开心，天天在用
8支笔+120根芯+1不脏手铅刀,,20168377016,5,0.8837082901785845,东西不错，下次还来够买！
8支笔+120根芯+1不脏手铅刀,,20648100440,5,0.9992343457905094,是理想中的产品，质量不错，物流也很快，值得点赞
8支笔+120根芯+1不脏手铅刀,,20715470098,5,0.9593566074061481,商品质量不错，京东物流也很快！
10支笔【森林款】+30筒芯+10不脏,,20336088922,5,0.9999701922312131,想起了小时候的自动铅笔，不过现在的样式比以前更好用了。完全适合一年级的小朋友使用。主要是环保，不用为削笔而烦恼。总体来说好用。
8支笔+120根芯+1不脏手铅刀,,20776705840,5,0.9873954899468754,质量很好，书写流畅
【故宫&金榜礼盒】10件套,,20299257943,5,0.9387341447949965,颜值包装：包装很精致的，顺滑程度也很好
【金榜套装】15件套含圆规,,20751388987,5,0.999985813744713,临近高考，买了送给孩子们。一套涵盖了考试必需的所有文具，省事省心。晨光大牌子，值得信赖。京东自营速度最快，晚上下单早上就收到了。
【金榜中性笔】故宫瑞兽按动5支,,20356877360,5,0.9999999440207592,该笔用的非常的顺滑，而且书写流畅，笔迹清晰，老师在电脑上阅卷的时候也看的非常的清楚！，作为一位高中老师，经常用电脑阅卷，我也为我自己的儿子买了好几盒该类型的笔做工质感：非常的棒，而且带有浓厚的文化底蕴
【孔庙礼盒】9件套含钢笔,,20250841101,5,0.9999999879741815,大品牌！值得信赖的！效果超级好！实用性和颜值都非常的赞，我很喜欢，还会再来买的。买来送给亲戚家和朋友家的孩子，高端大气上档次，也实用，孩子们也很喜欢。
【金榜套装】15件套含圆规,,20678156813,5,0.9999951824325751,京东自营的东西，看到现在价格合适就给孩子囤了一个。嗯，备备战今年6月份中考用的文具里边东西齐全，我也没打开看，不知道好不好应该是不错吧，外包装也很严实希望孩子能考一个好成绩考到心仪的学校。
【金榜中性笔】故宫瑞兽按动5支,,20392012825,5,0.9999963988766648,一直用晨光，也一直在京东购物，收到货，孩子喜欢的不得了，跟捡到宝贝似的，非常精致，笔还是一如既往的好用，流畅，包装精美，真的非常不错。
【故宫&金榜礼盒】10件套,,20327658670,5,0.9999998449782208,买来送给小外甥女的，颜值真的很好了，有故宫文化，每一件都很漂亮，孩子很喜欢，包装也很好看，很适合送礼，物流也是没得说，非常棒
⭐ 【故宫文化】黑色0.5-5支,,20095570710,5,0.9999992648127896,晨光文具，大品牌！笔的质量很好的哦！图案精美，书写流畅，油墨不脏手，孩子们很喜欢的哦！值得大家放心购买！！，赞
【金榜中性笔】故宫瑞兽按动5支,,20297438133,5,0.9996139992705277,买给小朋友学习用的，颜值担当，书写流畅，推荐大家购买，自己忍不住拿了一支出来用。
⭐ 考试14件套-含圆规,,19081470999,5,0.9999999831678589,外观不错大品牌，使用看看因该能不错，考试套装：中性笔、涂卡铅笔、笔芯？考试橡皮、圆规、中性替芯、涂卡套尺、透明软垫版，很全了。
【12件套】常用考试套装,,20293942982,5,0.9999999950859162,考试必备，考试用具一应俱全，已经买过好多次了，考试有这个套装才有安全感!做工质感：做工不错颜值包装：包装挺好看顺滑程度：写字挺顺畅
【12件套】常用考试套装,,20743216306,5,0.9911173346978359,这个还是很划算的，质量也不错！上次模考用了！方便！
【12件套】常用考试套装,,19268971249,5,0.9994475801819122,非常好写的考试用笔，今天出高考分数，希望这个笔能带来好运，老天保佑哦！争取能上个985，211的学校！谢谢！
【12件套】常用考试套装,,20242688839,5,0.9999999970965012,这个套装不错的，用来公务员考试用的，用了一次，很不错，东西都够用，做工不错，包装好，挺顺滑，手感不错，京东送货不错，质量好，服务好，送货到家门口，质量都挺好的，习惯在京东买东西，好评
连中三元15件套,,16957391590,5,0.9999305084572249,这个红色的好喜庆全套很方便。有尺子，橡皮擦，中性笔等，特别喜欢这个垫板。真的是把考试会用到的文具都考虑齐全了，很好。发货速度超快，早上下的单晚上就到了。
【15件套】旗舰款考试套装,,19221618682,5,0.9999999582567729,非常给力的套装，包装和携带都非常方便，配的装备很齐全，寓意也很好，连***，多好的寓意啊，希望吾儿不要辜负父母的爱，加油，努力！真的要连***哦！
【⭐15件套】旗舰款考试套装,,20707308589,5,0.9999999996058695,这款考试配套文具非常棒，给孩子确认了，一个不少，考试需要用到的都有了，尤其是写字垫板，考虑的很周到，包装的大红色和祝福类文字寓意非常好。快递很快，总之质量放心，服务贴心！
【⭐15件套】旗舰款考试套装,,20738844582,5,0.9881371888721414,发货速度快，质量挺好的，和卖家描述的一样，非常满意
【15件套】中高考专用考试套装,,20576127766,5,0.9997196514521512,得力的考试套装，这一款是15套的，里边有笔呀，圆规呀，尺子啊，橡皮呀等等。还有涂卡的这个小方块的尺，整体上都非常好用，透明装的袋也适合带到考场去。
,,19215454737,5,0.9823400664810412,送货快，快递员服务号，信任京东商城！看起来不错，买来孩子中考用的，应该物超所值，用后再评！
【防断芯】单支装-0.7mm,,20166304011,5,0.9999765670053387,发货速度也很快，东西超级好，不断芯，顺滑轻便。高级。质量不错。点赞。推荐购买。物美价廉，信得过
⭐【白优】自动铅笔三件套-0.5mm,,20008279766,5,1.0,这是一款非常实用且高效的文具套装。这款套装由晨光公司出品，包含了自动铅笔、HB铅芯和少屑橡皮，适用于各种书写需求。首先，这款自动铅笔的设计非常人性化。它的笔杆采用了舒适的设计，握感十分舒适，不会让手感到疲劳。同时，它的0.5mm铅芯非常流畅，书写时能够保证线条的均匀和细腻，非常适合学生和日常书写使用。此外，它的自动出芯设计也十分实用，能够避免浪费和减少环境污染。其次，HB铅芯也是这款套装的一大亮点。这款铅芯的硬度适中，适合各种书写需求。无论是草稿还是正式书写，它都能够保证线条的清晰和稳定。而且，这款铅芯的稳定性非常好，即使长时间书写也不会出现断芯或磨损的情况。此外，少屑橡皮也是这款套装的一大亮点。这款橡皮采用了特殊的设计，能够减少橡皮屑的产生，让书写环境更加整洁。同时，它的擦拭效果也非常好，能够轻松擦除错误，保证书写的准确性。除了这些实用的特点外，这款礼盒的包装也非常精美。它采用了简约时尚的设计风格，非常符合现代人的审美观念。无论是送人还是自用都非常合适。
【简约】自动铅笔四件套-0.5mm,,19979324245,5,0.9998551462591148,一直很喜欢这款自动铅笔，美观，大气，粗细适中，搭配着笔芯和橡皮，最主要的是这款自动铅笔能够自动补偿，也就是说他能自动出芯，非常好用的功能，在不需要去按一下然后手动调整笔芯了，非常适合我这种懒人，强烈推荐大家，非常赞
【2.0mm正姿】优握粉色4件套,,20482199804,5,0.9999999847692014,入手这只笔蓝橙拼色，简洁美观，做工精良，手感很好，用起来真的很舒服，大品牌，使用的材料也放心。铅笔使用的是0.9的笔芯，比较粗不容易断。写起来很流畅，握手处橙色的软胶使用的是抗菌材质，还可以纠正握笔姿势。每次按压出来的笔芯长度也刚刚好，写字的时候笔芯不会晃动，有助于提升写字效率。
【0.7mm常规】防断芯1支装,,20384548090,5,0.9847560839918836,质量不错，晨光大品牌，用着也不错。
【0.9mm正姿】优握橙蓝3支,,20367941379,5,0.9991822376314069,质量很好，发货很快，孩子挺喜欢的，很满意
【优握】正姿蓝杆四件套-2.0mm,,20113871123,5,0.9883747414265004,这款晨光自动铅笔非常好用、采用2.0mm笔芯、笔筒很好用可以矫正握姿、还配备了笔芯卷笔刀、还配备了4B橡皮和一盒铅笔芯、非常不错。
【0.5mm常规】防断芯1支装,,20385187414,5,0.9999260716121728,颜值包装：颜值高手感：写字顺滑好用做工质感：高大帅气十足
【0.5mm常规】防断芯1支装,,20429433655,5,0.9999576934997695,孩子上小学三年级了，需要用自动铅笔了，晨光文具国产的，质量和设计的都很好，用着方便，也不断铅芯。孩子说很喜欢，握着也舒服。
⭐【0.5mm常规】全金属3件套,,20644926761,5,0.9999978655586813,挺好用，大品牌，质量好，物美价廉，非常喜欢，非常满意，送货快！挺好用，大品牌，质量好，物美价廉，非常喜欢，非常满意，送货快！
4支【四色各一】+5盒铅芯,,20659072298,5,0.9670221740289398,很好，适合家里的小朋友。
4支【四色各一】+5盒铅芯,,20627538909,5,0.9999999974924059,孩子同学送一支他写，喜欢上了这自动铅笔，抓握处防滑设计，笔杆粗握笔舒适。笔头带转笔刀设计巧实用高！于是买，以为买的是4支笔加多少笔芯足够了，结果是20支笔加笔芯。够用了够用了。 卖家的服务真是一级棒！他们对待顾客非常友好，给予了专业的建议。物流速度也很快，让我很快就收到了商品。
4支【四色各一】+5盒铅芯,,20610801462,5,0.9849235122993427,一只铅笔名字叫智能铅笔。但是这个铅笔的粗细有点。可以刮痧，还可以调节血的时候那个。有人说这个是麻辣烫，我觉得起这个名字有点不好。我觉得评价也很好。这个铅笔的钱好像就1.45就一块钱就可以领到这个了，还可好像这个。我觉得评价也很好。这是麻辣笔我在笔记本上可以记一个，嗯，好的。我还要看一看这个质量评价有点好吗？如果多了好的话。地支好像是智能铅笔，我觉得。
8支【四色各2】+10盒铅芯,,20188423883,2,0.02066096539133455,不是很好用，稍微一用力铅就进去了
4支【四色各一】+5盒铅芯,,20619535593,5,0.9510815808193593,四根笔，五盒笔芯，才七块多钱。很便宜。关键是笔头自带卷笔刀，方便。发货很速度，没想到这么快就送来，拿到货儿子就开始用，喜欢。谢谢。
4支【四色各一】+5盒铅芯,,20420586232,5,0.9510815808193593,四根笔，五盒笔芯，才七块多钱。很便宜。关键是笔头自带卷笔刀，方便。发货很速度，没想到这么快就送来，拿到货儿子就开始用，喜欢。谢谢。
20支【四色各5】,,20235429798,5,0.9613291566217648,这个笔真的好好写，一下子买了很多，因为我家小孩真的太容易丢笔了，他的好朋友多也喜欢送给朋友。
4支【四色各一】+5盒铅芯,,20713668013,5,0.9867661513731898,还不错，比使用铅笔划算多了。
4支【四色各一】+5盒铅芯,,20365961472,5,0.9901368092296683,不错，挺划算，自动铅笔，握得比较舒服，只是用力点会退回笔里去
4支【四色各一】+5盒铅芯,,20763339469,5,0.9874119558287505,小朋友点名要买的自动铅笔，相比传统的自动铅笔，更不容易折断，还带走削笔刀，非常好用
【玉桂狗】0.5mm-单支装,,20588812521,5,0.9999859069154624,这款自动铅笔质量不错，外形美观，是小朋友喜欢的图案，收到货就带到学校用了。
【库洛米】0.5mm-单支装,,20588821052,5,0.9990369728669566,自动铅笔造型好看可爱，小朋友非常喜欢，质量也很好，物流很快，第二天就能收到货，在京东买东西很方便。
【帕恰狗】0.5mm-单支装,,20588830206,5,0.9991913984009771,在京东买东西很方便，质量也放心，发货很快，自动铅笔质量不错，小朋友喜欢。
【玉桂狗】0.5mm-单支装,,20556936242,5,0.9879298261612174,孩子自己选的这款笔 书写方便 物流及时 前一天晚上下单 第二天早上就送到 新来的京东小哥特别有礼貌 这个商品真是物超所值！质量很好，价格也合理。卖家的服务态度也很好，及时回复我的问题，并提供了详细的产品信息。
【玉桂狗】0.7mm-单支装,,20500523014,1,0.03885756198321888,这质量太差了，还没有小卖部2块钱一支的好
【玉桂狗】0.5mm-单支装,,20347819044,5,0.9949778226294503,京东自营的商品品质相当不错，平台上购物非常便捷、省心，所需基本全在京东解决了。
【玉桂狗】0.5mm-单支装,,20735629525,5,0.9371397114567219,孩子很喜欢，满意哦，五星好评
【玉桂狗】0.5mm-单支装,,20319710032,5,0.9977957412984616,书写比起其他自动笔确实好用点 图案也是小女孩喜欢的
【库洛米】0.5mm-单支装,,20693512519,5,0.9999895485187753,一直买这款，赶上京东活动价挺划算的，主要是家中常备，好用也不贵，比超市便宜多了，性价比非常高，送货特别快，隔天就送到了，十分推荐。
【玉桂狗】0.5mm-单支装,,20544021512,5,0.9997305096649124,东西价格很合适，一眼就相中了，物流也很快，很好的购物体验，下次还会考虑购买
【1盒】0.7白优品自动铅笔套装,,20624326067,5,0.9901931562708921,真的很好用 包装很精致 很推荐
【1盒】0.5白优品自动铅笔套装,,20730972298,5,1.0,这款晨光自动铅笔0.5mm的3件套装，给我带来了不错的书写体验。首先，它的低重心设计确实提高了书写的稳定性，尤其是在长时间书写时，这一点变得尤为重要。铅笔的金属笔尖套和按压式出铅机制，使得使用起来既方便又耐用。在使用过程中，我发现铅芯不易断裂，这对于经常需要携带铅笔的学生来说是一个很大的优势。而且，套装中包含的橡皮和铅芯也都是高质量的，橡皮清除笔迹干净，不会留下痕迹，而铅芯书写流畅，深色且均匀。总的来说，这款铅笔套装无论是从设计还是功能上，都体现了晨光品牌对细节的关注和对质量的坚持。它不仅适合学生使用，对于任何需要经常书写或绘图的人来说，都是一个很好的选择。我个人非常满意这次的使用体验，它完全符合我的日常书写需求
【1盒】0.5白优品自动铅笔套装,,18934629202,5,0.9999999999918061,性价比还是非常高的，一个套装里面有自动铅笔+铅盒+橡皮简单实用，简约大方，没有太多花里胡哨的东西，就是一句话，实用做工质感：做工精致颜值包装：保包装简约顺滑程度：非常丝滑手感：手感轻盈字迹粗细：字迹正好0.5适合孩子使用其他特色：简约，大方，轻盈
【1盒】0.7白优品自动铅笔套装,,20725386477,5,0.9997618876907767,东西还可以了，物流很快的，一直买这个牌子的文具，蛮好的，质量杠杠滴！下次还来买，哈哈哈哈哈哈哈哈哈哈！
【1盒】0.5白优品自动铅笔套装,,20617147988,5,0.9785722030183607,挺好用的自动铅笔，还有一块橡皮，书写流畅，不断铅，可以购买。
【0.5mm】3件套 送200根HB铅芯,,20737672056,5,0.999999997895882,物流很快，包装很精致。小朋友自己选的款。他很喜欢。有橡皮，笔铅，这个套装还不错。书写流畅，颜色简单大方。使用体验不错。整体满意。
【1盒】0.5白优品自动铅笔套装,,20368906055,5,0.9999999999918061,性价比还是非常高的，一个套装里面有自动铅笔+铅盒+橡皮简单实用，简约大方，没有太多花里胡哨的东西，就是一句话，实用做工质感：做工精致颜值包装：保包装简约顺滑程度：非常丝滑手感：手感轻盈字迹粗细：字迹正好0.5适合孩子使用其他特色：简约，大方，轻盈
【1盒】0.5白优品自动铅笔套装,,20445133459,5,0.999897583466118,大品牌！值得信赖的！效果超级好！贵有贵的道理！很棒的商品！真的好喜欢，客服态度也挺好的，值！以后有需要还会来买
【1盒】0.7白优品自动铅笔套装,,20602184611,5,0.9969968892539954,东西不错，省心又放心。满意一百分。
【1盒】0.5白优品自动铅笔套装,,20446616768,5,0.9782303576105763,非常精美的自动铅笔，手感很好冬天不冷手，重量刚好笔芯没断过，正所谓差生文具多必须安排上！
黑色杆+铅芯,,20474351596,5,0.8282552451314741,这个笔很好用，写字顺滑不易断铅。这些年来给孩子买笔发现笔还是要买好用的，要不用不了多长时间就坏了。不好的还得多买几个，总好来看，还是买好的划算。
黑色杆+铅芯,,20445865741,5,0.9999942571100795,相当于买了学习必备全家桶了，polit的笔确实好用，拿起来也很舒适，书写非常流畅，这也是我从高中一直选择polit的原因，用这么多年没遇到断墨的情况，非常稳定，值得信赖
蓝色杆+铅芯,,20643638031,5,0.9990382936879677,日本百乐可擦笔质量强大 产品品质优良 强烈推荐日本百乐可擦笔!
黑色杆+铅芯,,20602931046,5,0.10392601817258107,以前基本没有认真评价过，不知浪费了多少京豆。这个真的不错，妥妥每次都写一百多字，这是第 N 次在 JD 上买东西了捧捧捧，好厉害好东西便宜而且质量好，物美价廉买的放心，用的开心，感觉都买，上了，买买买根本停不下来，东西品种多而且有特别全，划算，方便，而且实惠，包装很好，而且没有任何损坏，会一直支持下去，服务还可以。这是一个好评模板，因为懒，不想每个产品都写好评，所以特地，模仿一位网友写下这个模板，但这个产品质量肯定是喜欢的，如果不喜欢的话，收到东西以后会生气，然后会变，噪噪不体的评价。自然不可能撤下这个好评，这里写下，也给各位询友一个参考个这个商品还是值得购买的
黑色杆+铅芯,,19900722465,5,0.9999999999969496,这款百乐自动铅笔，无论是设计还是性能都给人留下深刻的印象。它的外观简约时尚，符合现代人的审美观念。在实用性方面，这款铅笔的笔尖可以自动调整，以适应不同的书写或绘画需求。同时，它的笔芯不易折断，可以持久使用。此外，它的重量适中，长时间使用也不会让人感到疲劳。总之，百乐自动铅笔是一款集美观与实用于一身的优秀文具产品。
,,18693685826,5,0.9999999907502334,做工质感：百乐文具的做工可以从百乐钢笔的做工看出来的，真的是品控太好了。颜值包装：颜值还是很好看的顺滑程度：写起来很是丝滑手感：手感还是很好字迹粗细：字迹清晰其他特色：性价比还是极高的。
黑色杆+铅芯,,20463237334,5,0.9999999994053554,发货速度很快，与描述相符合，质量也很好，值得好评！发货速度很快，与描述相符合，质量也很好，值得好评！发货速度很快，与描述相符合，质量也很好，值得好评！ 这个商品真是物超所值！质量很好，价格也合理。卖家的服务态度也很好，及时回复我的问题，并提供了详细的产品信息。
黄色杆+铅芯,,20759105233,5,0.99999999994272,1. 这是一次非常愉快的购物体验，商品质量非常好，物流也很快，非常满意！2. 很喜欢这个商品，质量很好，和卖家描述的一模一样，包装也很精美，非常满意的一次购物。3. 物流速度很快，包装仔细严实，商品质量很好，非常满意的一次购物体验。4. 卖家发货速度很快，包装很用心，商品质量也很好，非常满意，下次还会光顾的。5. 非常喜欢这个商品，质量很好，价格实惠，卖家服务态度也很好，非常满意的一次购物。
黑色杆+铅芯,,19588243527,5,0.9884078585160315,小朋友自己选的款式，他听同学说，这个笔非常的好写，买了试试看。
黑色杆+铅芯,,20339259888,5,0.9509407738877788,这是一个好评摸板。因为本大佬很懒不想每个产品都写好评所以特地号下这个模板，以前不知道~评论可以涨积分，现在才知道好评的重要性，妥妥的每条都来评论下，嫌积分，下次还能抵现全用。评论80个宇以上，可以得到50个积分，我无论买什么东西都会把这个段话复制粘贴下凌够宇数。这是第N次在网上买东西了，棒捧棒，东西便宣而日质量好，物美价廉，买的放心，用的开心，感觉都买上套，买买买，根本停不下来，东西品种多而且又特别全，划算方便，市目实惠，包装很好。而日没有任何损坏，会一一直支持下去的，服务还可以一超级好用，好评，继续支持。
【0.7mm 纯白】3支笔60支铅芯,,20233214161,5,0.6403978451162066,孩子自己挑的这个自动铅笔，用完说就是好用，京东快递也是棒棒哒，第一天晚上下的单，第二天中午就送到了，孩子下午上学就都已经用是上了，真是一点也不耽误事，棒棒哒！这个来说必须好评！
【0.7mm 纯白】3支笔60支铅芯,,20333963637,5,0.9999997308134613,这笔很好用，书写流畅清晰，橡皮擦也比较耐用，擦的比较干净，值得大家推荐，值得大家购买，下次还会继续光顾，尺子之类的有一整套，质量各方面都很不错，下次还要购买，外观包装各方面都很漂亮，结实。
【0.5mm 浅蓝】3笔3铅,,19239353217,5,0.9999985127487979,做工质感：得力，专业做学习文具用品，质量杠杠的，非常好，很不错，颜值包装：颜值包装大气，高大上手感：写字手感非常好，柔软，笔芯不易断，字迹粗细：字迹0.5，写字起来不粗也不细了
【0.5mm 白色】3支笔100支铅芯,,20323525700,5,0.9999486627147993,以成年人的感觉这款自动铅笔握感舒适，有防滑胶套，很柔软。书写舒畅，没有突然断笔芯的情况，清晰度也是HB的淡黑色，得力品牌的做工很好，没有毛刺，塑料件没有任何异味。总得来说性价比高。快递小哥也很好，送货上门！
【0.5mm 樱律】3支笔60支铅芯,,20588785875,5,0.9999917736490422,自动铅笔精致美观，质量不错，给小朋友带到学校用非常好，发货非常快。
【0.5mm 纯白】3支笔60支铅芯,,20591147175,5,0.9979691592166311,很棒的笔下次还会再来买值得推荐
【0.5mm 白色】3支笔100支铅芯,,20639993240,5,0.3617553456028282,得力(deli)手护者大面积护套书写不累手 缓冲防断芯自动铅笔套装0.5mm(活动铅*3+HB铅芯*1) 白色 以经收到了
,,15592619652,5,0.9999999757299894,给孩子买的，上学老是丢，所以备一些还是很有必要的，这个笔颜值很高，孩子很喜欢，但是也不花哨，不会吸引孩子注意力，我真的觉得这一点是真的很好呀。上次买过这款，是在店里买的，很滑顺，基本上不断芯，书写流畅，网上买还是划算一些，京东买东西已经习惯了，送的快，用着也好，用完还会回购的，向大家推荐！孩子吵着说要赶紧用，呵呵，这次真的买对啦！
【0.5mm 纯白】3笔3铅,,19849289060,5,0.9999322614511484,字写在纸上非常的丝滑，用力写字不断铅。这样的套盒是真的实惠。一个学期都用不完，为什么呢，因为它很结实耐用。物流那是相当的快。服务那就不用说了。非常棒。
【0.7mm 纯白】3支笔60支铅芯,,20124657415,5,0.9998954444248569,给孩子买了一些文具回来，这个自动铅笔性价比很高，三根还带铅芯，手感也不错，使用很好，非常满意。
2支【蓝色+粉色】+3盒铅芯,HB,20370455059,5,0.9128959636178278,超好用的自动铅笔，还可以矫正握笔姿势，换芯方便，颜色也好看的
2支【粉色+黄色】+3盒铅芯,HB,20364817784,5,0.995781746938423,自动铅笔很不错，后面可以削笔芯，还送了三盒铅，价格实惠，发货很快满意
2支【蓝色+绿色】+3盒铅芯,HB,20372405909,5,0.9999147203724852,实物特别有质感，孩子用起来也合适，写字也顺畅，价格还实惠
2支【蓝色+粉色】+3盒铅芯,HB,20365780632,5,0.9999996776045885,自动铅笔书写很流畅，颜色也很漂亮，还有送三罐铅笔芯，按压处还有设计可以削笔芯，孩子用起来也很方便，真的是物超所值～推荐推荐
2支【蓝色+粉色】+3盒铅芯,HB,20369515091,5,0.9999665295865836,不错的自动铅笔，书写流畅。拿着舒服。这颜色也是孩子喜欢的。用着方便，不用每天给削铅笔啦。
2支【粉色+黄色】+3盒铅芯,HB,20389314746,5,0.991474733469754,这款铅笔小朋友用着顺手～写字不费力～颜色也可爱～
2支【蓝色+粉色】+3盒铅芯,HB,20371321741,5,0.9924659157598388,我特意选的粉色加蓝色的，儿子闺女一人一根，价位也不高，不错呢
2支【蓝色+粉色】+3盒铅芯,HB,20375831205,5,0.9907222810731356,书写顺滑，手感很好，字迹清晰，粗细正好！
2支【黄色+蓝色】+3盒铅芯,HB,20367572305,5,0.9665212355217302,质量很好，不容易断铅，写的很清楚。颜值很高，后面那里还可以把铅削尖。孩子很喜欢
2支【蓝色+粉色】+3盒铅芯,HB,20365821401,5,0.9998719369479412,孩子用铅笔很快就要削笔，这款正姿自动铅笔简单方便，孩子用的上手，喜欢
【单支】0.5金属笔+橡皮1块 S001,,20184363288,5,0.9988186418583289,金属笔非常有质感，商品质量好，我觉着我可以推荐给我朋友买性价比很高，宝贝收到了，我第一次打开包装，搭配自家的笔芯使用也很流畅，光滑的笔杆，上面带个橡皮，和图片描述一致，多亏了卖家，运送速度很快，一分钱一分货
【单支】0.5mm金属笔 颜色随机  S001,,19970499853,5,0.9778585122735264,写起来很流畅，这是良心的推荐，早知道多买一支了，看着都超级凉快，还会继续回购哟，笔芯不易断，一分钱一分货，日常使用这一盒可以用很久，就是多配了橡皮，还是金属笔杆，准备在入手别的色
【单支】0.5mm金属笔 颜色随机  S001,,19619245941,5,0.9999865707061464,宝贝得力牌金属自动铅笔收到了，开学季，一次买三支有大折扣，价格相当吸引。金属笔杆，历久常新，坚固耐用，品控一流，三支笔的质量都非常完美，五星好评。
【经典】0.5mm圆柱笔杆单支,,19148978018,5,0.9999963272106887,东西外观不错，值得也好，得力的文具是不错的，值得信赖，好用又便宜的国货必须支持，下次需要再来
【经典】0.5mm圆柱笔杆单支,,19319134862,5,0.40675698951649164,又来买了，买了两只两个订单合并发货了，所以拼一下。嗯，这次卖家也是发的极兔快递。贴心的送了一个橡皮。这个橡皮是得力文具。比较优惠会继续下点
【经典】0.5mm圆柱笔杆单支,,19319135092,5,0.40675698951649164,又来买了，买了两只两个订单合并发货了，所以拼一下。嗯，这次卖家也是发的极兔快递。贴心的送了一个橡皮。这个橡皮是得力文具。比较优惠会继续下点
【经典】0.5mm圆柱笔杆单支,,19266567884,5,0.9999999999600653,性价比很高的自动铅笔，做工精致，出迁流畅，握笔也很舒适，很适合学生和成人使用，外壳很结实，经典表面纹路很好看，不错的一次购物体验。
【经典】0.5mm圆柱笔杆单支,,19154851287,5,0.9639029480634083,东西看起来不错，值得购买，好评
【单支】0.5mm金属笔 颜色随机  S001,,19535911158,5,0.9998509893116184,手感比较轻，再重一点会更好，书写说话，外观比较好看，金属显得比较高端，遥遥领先
【推荐】0.5mm圆柱笔杆单支,,19330687080,5,0.9935914252158302,得力文具的这支笔，真是给了更多的老百姓实惠了，简直是白送啊，真心谢谢啦，非常值得哇。
