pid,num,question,answer
100041852026,1,点歌要年费吗？,商家送了免费会员，下载的歌曲还可以免费使用
100020092372,1,有电流声吗,大音量的时候会有一点点
100020092372,1,有电流声吗,没有
100020092372,1,有电流声吗,没有，音响音质挺好的
100020092372,1,有电流声吗,没有
100020092372,1,有电流声吗,没有   不追求无损 够用
100020092372,1,有电流声吗,无电流声，美中不足就是声音有点小
100020092372,1,有电流声吗,没有
100020092372,1,有电流声吗,有点
100020092372,1,有电流声吗,没有电流声
100020092372,1,有电流声吗,没听到，看电影玩游戏的声音比较大
100023150449,1,有开机声音吗，开机声音大吗？,有声音，大小根据你连接设备决定，切换蓝牙模式也有中文提示音，还有内置麦克风
100023150449,1,有开机声音吗，开机声音大吗？,开机有声音 就跟你戴蓝牙耳机一样的  开机看你电脑的声音大小
100023150449,1,有开机声音吗，开机声音大吗？,有开机声音，不是很大。音质也还行
100041852026,2,点歌要年费吗？,商家送了免费会员，下载的歌曲还可以永久免费使用
100023150449,1,有开机声音吗，开机声音大吗？,开机没声音
100023150449,1,有开机声音吗，开机声音大吗？,每次开机需要自己按钮选择模式，有提示音
100020092372,2,请问，质量怎么样，推荐购买吗,挺好
100020092372,2,请问，质量怎么样，推荐购买吗,音质挺好的，性价比高。不错
100020092372,2,请问，质量怎么样，推荐购买吗,可以买
100020092372,2,请问，质量怎么样，推荐购买吗,挺好的
100020092372,2,请问，质量怎么样，推荐购买吗,音质还可以，不错
100020092372,2,请问，质量怎么样，推荐购买吗,这个价位里算好的了
100020092372,2,请问，质量怎么样，推荐购买吗,质量还不错的，可以入手
100020092372,2,请问，质量怎么样，推荐购买吗,这价格咱就别要求那么高了好嘛，能听个声不就行了吗
100020092372,2,请问，质量怎么样，推荐购买吗,值得拥有，价格性能比高，音质很好，清晰
100020092372,2,请问，质量怎么样，推荐购买吗,可以的 性价比很好了
100041852026,3,功能多吗,功能挺多的可以K歌点歌，里面有海量曲库，可以学跳广场舞，可以看免费的电视，送了两个充电话筒，连蓝牙，播U盘都可以。非常Nice
100023150449,2,男生不能买吗,男生买犯法
100023150449,2,男生不能买吗,这个产品介绍，没讲男生不能买吧？
100023150449,2,男生不能买吗,这音响巨不好用。没调节音量按钮。
100023150449,2,男生不能买吗,我买了，我喜欢骚粉，自带的麦我觉得很一般，朋友说声音很小
100020092372,3,音量大不大,挺大的
100020092372,3,音量大不大,挺大的，我把音箱声音开到最大，调节电脑上的声音，基本上8格就足够正常游戏
100020092372,3,音量大不大,还不错
100020092372,3,音量大不大,大还蛮好
100020092372,3,音量大不大,挺大的
100020092372,3,音量大不大,够用
100020092372,3,音量大不大,还可以
100020092372,3,音量大不大,够用了
100020092372,3,音量大不大,还可以。
100020092372,3,音量大不大,还行
100041852026,4,唱歌效果好吗,12英寸重低音，低音很猛。高中低音声音层次也分明。唱歌人声也非常不错。总的来讲是一款不错的音响，适合家里K歌，户外跳舞K歌用。
100041852026,5,我去年买的音箱用了一年多，电池也不行了，显示屏也有横线显示能处理吗,无回答
100041852026,6,能连接投影仪吗？,无回答
100041852026,7,请问有几个麦克风,无回答
100041852026,8,音响效果怎么样,无回答
100041852026,9,刚才问的问题你收到没有,无回答
100023150449,3,无线蓝牙的声音有延迟吗？因为打射击游戏,蓝牙肯定有延迟，我建议你还是连接线用
100023150449,3,无线蓝牙的声音有延迟吗？因为打射击游戏,玩不了，听见人已经贴脸了
100023150449,3,无线蓝牙的声音有延迟吗？因为打射击游戏,没打过，平时听音乐，感觉没啥延迟
100020092372,4,音质如何 要求不高 起码听的清歌词吧 别太杂,听得到，无杂音。就是线长一般般吧。可能才1.5米左右？
100020092372,4,音质如何 要求不高 起码听的清歌词吧 别太杂,音质挺好的。一点杂音都没有。用了一个月了
100020092372,4,音质如何 要求不高 起码听的清歌词吧 别太杂,听的还挺不错的
100020092372,4,音质如何 要求不高 起码听的清歌词吧 别太杂,声音比较粗，不太喜欢准备换了
100020092372,4,音质如何 要求不高 起码听的清歌词吧 别太杂,音质比较不好
100020092372,4,音质如何 要求不高 起码听的清歌词吧 别太杂,感觉还可以，目前用起来没有杂音，我用来看哔哩哔哩视频和打游戏
100020092372,4,音质如何 要求不高 起码听的清歌词吧 别太杂,声音不如惠普那款，但是声音大小还可以。
100020092372,4,音质如何 要求不高 起码听的清歌词吧 别太杂,一般般
100020092372,4,音质如何 要求不高 起码听的清歌词吧 别太杂,一分钱一分货，对得起这个价格
100020092372,4,音质如何 要求不高 起码听的清歌词吧 别太杂,还是对得起价格
100023150449,4,有底噪吗,这玩意不就是买个好看吗？
100023150449,4,有底噪吗,不知道啥是底噪，我只知道如果出现电流声，就连接到usb扩展上面就没声了
100023150449,4,有底噪吗,不懂啥是底噪，这me便宜的音响别要求太多了
100020092372,5,音箱开机有语音提醒吗？可以调小这个开机语音吗？,这个是那个最基础的，你插上手机，电脑都可以用。不是蓝牙的，所以没有提示音，音质可以呢。
100020092372,5,音箱开机有语音提醒吗？可以调小这个开机语音吗？,没有的，插上电脑直接用
100020092372,5,音箱开机有语音提醒吗？可以调小这个开机语音吗？,没有语音，可以调音量
100020092372,5,音箱开机有语音提醒吗？可以调小这个开机语音吗？,没有。跟你的电脑连一起，电脑什么声音它就什么声音
100020092372,5,音箱开机有语音提醒吗？可以调小这个开机语音吗？,没有提醒，插上就能用
100020092372,5,音箱开机有语音提醒吗？可以调小这个开机语音吗？,挺好的
100020092372,5,音箱开机有语音提醒吗？可以调小这个开机语音吗？,没有提示声，了调节音量
100020092372,5,音箱开机有语音提醒吗？可以调小这个开机语音吗？,无语音提示
100020092372,5,音箱开机有语音提醒吗？可以调小这个开机语音吗？,没有
100020092372,5,音箱开机有语音提醒吗？可以调小这个开机语音吗？,还行，
100023150449,5,怎样调节音量,不能调，只能用电脑显示器上的那个小喇叭图标调。
100013599725,1,麦克风怎么样，语音通话能不能听清楚,我买的最新款，麦也不行，对面听不清
100023150449,5,怎样调节音量,只可以调电脑诶
100013599725,1,麦克风怎么样，语音通话能不能听清楚,我这个收音不清晰应该怎么设置
100013599725,1,麦克风怎么样，语音通话能不能听清楚,打游戏对方听到声音不是很大
100013599725,1,麦克风怎么样，语音通话能不能听清楚,麦克风可以，通话清楚。
100013599725,1,麦克风怎么样，语音通话能不能听清楚,声音小，而且不防噪
100013599725,1,麦克风怎么样，语音通话能不能听清楚,没试过，反正打游戏时不时断声音
100013599725,1,麦克风怎么样，语音通话能不能听清楚,不太清楚，真的不太好用
100013599725,1,麦克风怎么样，语音通话能不能听清楚,内置麦是真的辣鸡，声音又糊又小
100013599725,1,麦克风怎么样，语音通话能不能听清楚,游戏开黑，根本不行，对方根本听不清这边说什么，垃圾。游戏开黑请避坑。
100020092372,6,电脑了连接吗,可以的
100020092372,6,电脑了连接吗,可以连接
100020092372,6,电脑了连接吗,链接了，音质挺不错的
100020092372,6,电脑了连接吗,可以连接电脑
100020092372,6,电脑了连接吗,可以
100020092372,6,电脑了连接吗,连了
100020092372,6,电脑了连接吗,这本来就是连电脑的。
100020092372,6,电脑了连接吗,我就是拿来放电脑外音的，连的联想的台式机
100020092372,6,电脑了连接吗,可以还行
100020092372,6,电脑了连接吗,可以连接，效果很好的，声音很清晰
100013599725,2,有电池吗？可以带它到公园嗨皮吗？,PS5无法连接蓝牙
100013599725,2,有电池吗？可以带它到公园嗨皮吗？,有
100013599725,2,有电池吗？可以带它到公园嗨皮吗？,有电池，可以户外蓝牙连接播放
100013599725,2,有电池吗？可以带它到公园嗨皮吗？,可线路输入，可连接蓝牙，肯定是有电池的
100013599725,2,有电池吗？可以带它到公园嗨皮吗？,有电池
100013599725,2,有电池吗？可以带它到公园嗨皮吗？,可以的，有蓝牙模式，连接电脑也行，声音不小，
100013599725,2,有电池吗？可以带它到公园嗨皮吗？,可以，是充电的
100013599725,2,有电池吗？可以带它到公园嗨皮吗？,有内置电池的
100023150449,6,装了之后win11右下角usb图标一直存在，是不是都这样？看着好难受,我也有这个图标，看着真难受，逼死强迫症
100023150449,6,装了之后win11右下角usb图标一直存在，是不是都这样？看着好难受,是的是的，一直在
100020092372,7,你好，可以连接iPad吗,可以的
100020092372,7,你好，可以连接iPad吗,你的iPad要是有耳机孔应该问题不大
100020092372,7,你好，可以连接iPad吗,不行，接口不一样，就是连电脑使用的
100020092372,7,你好，可以连接iPad吗,可以，只要你有耳机孔，再加一个USB接口供电就可以了
100020092372,7,你好，可以连接iPad吗,要买转接头
100020092372,7,你好，可以连接iPad吗,不可以，就是个最普通的小喇叭
100020092372,7,你好，可以连接iPad吗,可以，用转接口
100020092372,7,你好，可以连接iPad吗,不行
100023150449,7,内置麦克风上网课能清晰对话吗,打游戏说话声音很杂很小
100023150449,7,内置麦克风上网课能清晰对话吗,可以
100020092372,8,质量行吗 容易坏吗,用了一个月了，目前挺好的。性价比很高
100020092372,8,质量行吗 容易坏吗,我的感觉不错
100020092372,8,质量行吗 容易坏吗,几个月了，没坏，音质也没啥大问题，放心吧
100020092372,8,质量行吗 容易坏吗,还好目前使用当中
100020092372,8,质量行吗 容易坏吗,现在用感觉还可以，音质没有杂音，后续让时间来证明一切
100020092372,8,质量行吗 容易坏吗,还行
100020092372,8,质量行吗 容易坏吗,还行。用着还可以
100020092372,8,质量行吗 容易坏吗,刚买没多少天，用着还行
100020092372,8,质量行吗 容易坏吗,还好
100020092372,8,质量行吗 容易坏吗,还行吧，我的没有坏，
100013599725,4,台式机直接插上就能用吗,是的，USB口连接，插上就能用。但是好像默认是蓝牙模式，连接以后，点一下音箱上的&ldquo;M&rdquo;，就换成USB连接模式了。
100013599725,4,台式机直接插上就能用吗,可以
100013599725,4,台式机直接插上就能用吗,是的，插上以后逆时针转旋钮就能直接用了，音频和电源一线通。
100013599725,4,台式机直接插上就能用吗,可以用
100023150449,8,Ps4能插上就用吗？,是的
100020092372,9,可以差内存卡嘛,不可以
100020092372,9,可以差内存卡嘛,不可以，
100020092372,9,可以差内存卡嘛,不可以
100020092372,9,可以差内存卡嘛,不可以
100020092372,9,可以差内存卡嘛,不可以
100020092372,9,可以差内存卡嘛,这是最普通的音响
100020092372,9,可以差内存卡嘛,不能，音响差内存卡干嘛
100020092372,9,可以差内存卡嘛,没有
100020092372,9,可以差内存卡嘛,不能吧，我这款没有，你可以问问客服
100020092372,9,可以差内存卡嘛,不能
100013599725,5,打游戏跟笔记本声音比怎么样？是差不多还是？,声音可以
100013599725,5,打游戏跟笔记本声音比怎么样？是差不多还是？,跟台式机桌面音响一样吧没啥差别蓝牙连接看电影感觉不到延迟
100013599725,5,打游戏跟笔记本声音比怎么样？是差不多还是？,还是好很多，颜值还不错，但是缺点就是游戏开麦的时候朋友说麦克风声音有点小
100013599725,5,打游戏跟笔记本声音比怎么样？是差不多还是？,好多了
100023150449,9,我想问你们，打英雄联盟，用上这个音响之后，别人听不到我讲话，换上自己的耳机，别人也听不到了，怎么办？,切换一下麦克风输入
100023150449,10,请问耳机线接口有什么用啊？电脑上也可以直接插 没搞懂作用是什么,无回答
100013599725,6,想问一下，不使用的时候，会有嗡嗡的响声是正常的嘛？,没得
100013599725,6,想问一下，不使用的时候，会有嗡嗡的响声是正常的嘛？,不会
100013599725,6,想问一下，不使用的时候，会有嗡嗡的响声是正常的嘛？,不正常    看看有影响噪音的电器没  无线电设备之类的 没有的话换货就可以了
100013599725,6,想问一下，不使用的时候，会有嗡嗡的响声是正常的嘛？,我的没听到有这个声
100020092372,10,好安装吗,好
100020092372,10,好安装吗,简单的跟
100020092372,10,好安装吗,应该没比这更简单的了
100020092372,10,好安装吗,非常简单
100020092372,10,好安装吗,很简单的
100020092372,10,好安装吗,好装
100020092372,10,好安装吗,插上就行
100020092372,10,好安装吗,好装
100020092372,10,好安装吗,还行
100020092372,10,好安装吗,好安装，手机充电器头就能用了，然后插在手机的耳机孔里面就可以放了
100013599725,7,有蓝牙吗？,有，这个好像能多连。电脑和手机都可以
100013599725,7,有蓝牙吗？,有蓝牙模式和有线连接模式
100013599725,7,有蓝牙吗？,有蓝牙功能
100013599725,7,有蓝牙吗？,有
100013599725,7,有蓝牙吗？,有
10053456970766,1,音质和续航怎么样,这款发烧友推荐给我的，各方面都比较满意
10053456970766,1,音质和续航怎么样,我使用半个月才充一次，晚上听一下，音质可以
10053456970766,1,音质和续航怎么样,音质清晰，性价比高，特别是低音很强
10053456970766,2,蓝牙连接会断断续续不？低音觉得可以，人声怎么样呢,不会，人声很清晰
10053456970766,2,蓝牙连接会断断续续不？低音觉得可以，人声怎么样呢,蓝牙5.3的都很稳不掉线！
100008806027,1,笔记本能用吗,可以
100008806027,1,笔记本能用吗,可以用啊，一根USB接口一根耳机接口
100008806027,1,笔记本能用吗,当然可以啊！有3.5mm音源孔就可以
100008806027,1,笔记本能用吗,可以用
100008806027,1,笔记本能用吗,usb接口可用
100008806027,1,笔记本能用吗,可以啊，USB接口，忘记无线可以不可以了
100008806027,1,笔记本能用吗,能用，听个响
100008806027,1,笔记本能用吗,能
100008806027,1,笔记本能用吗,我就是专门给r7000用的
100008806027,1,笔记本能用吗,可以，但是不建议，他要占一个耳机孔加一个USB口，笔记本感觉不是很方便。
100013599725,9,想不通为啥一个连着电脑的音响要内置电池，难道指望停电后继续用音响听歌吗？还是准备拿着音响出门蹦迪？,强调便携性，有问题吗
100013599725,9,想不通为啥一个连着电脑的音响要内置电池，难道指望停电后继续用音响听歌吗？还是准备拿着音响出门蹦迪？,可以连接手机蓝牙听歌，提升便携性
100013599725,9,想不通为啥一个连着电脑的音响要内置电池，难道指望停电后继续用音响听歌吗？还是准备拿着音响出门蹦迪？,可能设计的时候想多用途，加上这点东西，成本也不会提高很多
100013599725,9,想不通为啥一个连着电脑的音响要内置电池，难道指望停电后继续用音响听歌吗？还是准备拿着音响出门蹦迪？,自我感觉这个是笔记本专用的，可以随身携带方便，
10053456970766,3,接线有没有电流声。低噪声大吗,还真没，我连过电脑，比我老款电脑音响好
10053456970766,3,接线有没有电流声。低噪声大吗,没有啊！感受不到
100008806027,2,请问音量够大吗？,音量开一半音质还不错，声音也很大，再调大些就会损音了
100008806027,2,请问音量够大吗？,不够，跟我笔记本电脑差不多大。就是音质有点不一样，我还是更喜欢笔记本的音质
100008806027,2,请问音量够大吗？,很喜欢，就是插卡时如果再有个液晶屏显示歌名就更完美了！
100008806027,2,请问音量够大吗？,房间书房用够了声音可以
100008806027,2,请问音量够大吗？,物超所值，音量音效都不错
100008806027,2,请问音量够大吗？,必须的
100008806027,2,请问音量够大吗？,挺大的
100008806027,2,请问音量够大吗？,够大
100008806027,2,请问音量够大吗？,够大
100008806027,2,请问音量够大吗？,大
100013599725,10,插上后计算机里面识别出来一个u盘隐藏分区，大家都这样吗,磁盘管理里面禁用就行了，不影响使用
100013599725,10,插上后计算机里面识别出来一个u盘隐藏分区，大家都这样吗,没有啊
100013599725,10,插上后计算机里面识别出来一个u盘隐藏分区，大家都这样吗,是的。电脑上多出一个空的分区。一开始我还奇怪哪里来的。后来发现音响插上去就有。。。
100013599725,10,插上后计算机里面识别出来一个u盘隐藏分区，大家都这样吗,啥？没有啊
10053456970766,4,打游戏看电影效果如何,发烧机用来看电影，绰绰有余
10053456970766,4,打游戏看电影效果如何,很震撼~可以开很大声，就怕打扰到邻居
100008806027,3,音质单薄吗？,反正比我的Thinkpad P15V的本身音质好太多了。我就是在单位中午边吃饭边看新闻用的，太完美了。
100008806027,3,音质单薄吗？,这样的价买到就好了 虽然没有左右
100008806027,3,音质单薄吗？,音质不错
100008806027,3,音质单薄吗？,挺好的
100008806027,3,音质单薄吗？,非常单薄
100008806027,3,音质单薄吗？,我买了放办公室用的，办公、追剧够用。这个价格音质应该好不到哪里去，但性价比真挺高的。
100008806027,3,音质单薄吗？,还不错吧这个价要啥直行车啊
100008806027,3,音质单薄吗？,就这样的价位，用来当游戏机外放音响了
100008806027,3,音质单薄吗？,这种问题因人而异  只能说比显示器自带的好一点
100008806027,3,音质单薄吗？,这还用问吗？
10053456970766,5,G4和M5哪个听起来比较好一点呢,我买的G4非常不错，M5你要去问客服了
100008806027,4,音质怎样？,不用的时候，杂音非常严重，实在受不了了，准备换了
100008806027,4,音质怎样？,中高音不错，人声清晰，有一点塑料共震，吸音棉放少或没放。
100008806027,4,音质怎样？,高音偏高，低音有一点都算我输
100008806027,4,音质怎样？,很好！声音大
100008806027,4,音质怎样？,能看电视电影
100008806027,4,音质怎样？,一般般
100008806027,4,音质怎样？,我觉得挺好
100008806027,4,音质怎样？,非常好，声音也可以调很大
100008806027,4,音质怎样？,普通音响水平
100008806027,4,音质怎样？,一般般啦！
10053456970766,6,音质好不好？,好！朋友推荐购买的
100013019911,1,你们是不是只要不拔usb线和3.5mm线就会一直冒绿光和有响声,大哥，那是你主板没设置好，有的主板默认关机以后usb不断电的，进bios设置一下就可以了
100013019911,1,你们是不是只要不拔usb线和3.5mm线就会一直冒绿光和有响声,不断电有绿光，声音可以调最小
100013019911,1,你们是不是只要不拔usb线和3.5mm线就会一直冒绿光和有响声,听个响就行了，反正我觉得物有所值。我每晚都断电，不冒绿光，无响声
100013019911,1,你们是不是只要不拔usb线和3.5mm线就会一直冒绿光和有响声,我准备买个usb延长线，不用的时候直接扒了
100013019911,1,你们是不是只要不拔usb线和3.5mm线就会一直冒绿光和有响声,不拔线就一直亮着，虽然电脑已经关机了，这个音响有杂音，和收音机似的
100013019911,1,你们是不是只要不拔usb线和3.5mm线就会一直冒绿光和有响声,有绿光，没响声
100013019911,1,你们是不是只要不拔usb线和3.5mm线就会一直冒绿光和有响声,这个麦克风不行 将就用吧
100013019911,1,你们是不是只要不拔usb线和3.5mm线就会一直冒绿光和有响声,电流声吧，这个跟自己的电脑主机有关系，我的还能收到广播信号，我家隔壁就是广播电台。
100013019911,1,你们是不是只要不拔usb线和3.5mm线就会一直冒绿光和有响声,是的，有光，但没声音，没有那种杂声
100013019911,1,你们是不是只要不拔usb线和3.5mm线就会一直冒绿光和有响声,有杂音 冒绿光
10053456970766,7,亲们，这个是正品吗？,官方旗舰店来着，肯定的
10053456970766,7,亲们，这个是正品吗？,是的
10053456970766,8,不联网能用？换新延保服务有人用吗？,无回答
10053456970766,9,音质好不好？,无回答
10053456970766,10,音质好不好？,无回答
100008806027,5,推荐买吗  差评里说杂音大的很多,有需求就买，觉得不好就不买，见仁见智，用着还行，就这价位，你还想能听出花来？
100008806027,5,推荐买吗  差评里说杂音大的很多,没有杂音啊，那都是黑粉差评可能
100008806027,5,推荐买吗  差评里说杂音大的很多,还可以呀，没什么杂音，也没开到最大
100008806027,5,推荐买吗  差评里说杂音大的很多,好不好先不说，差点被电死
100008806027,5,推荐买吗  差评里说杂音大的很多,开始会有一些，有了段时间，调整一下位置会好些
100008806027,5,推荐买吗  差评里说杂音大的很多,还行，调到中间没什么杂音，调到最大会有
100008806027,5,推荐买吗  差评里说杂音大的很多,没发现杂音
100008806027,5,推荐买吗  差评里说杂音大的很多,已经很好了，值得购买
100008806027,5,推荐买吗  差评里说杂音大的很多,用了三天有电流滋滋声，然后就没声音了
100008806027,5,推荐买吗  差评里说杂音大的很多,还行
100013019911,2,电脑可以用吗？,可以用的
100013019911,2,电脑可以用吗？,可以，麦有电流，但能接受。
100013019911,2,电脑可以用吗？,可以
100013019911,2,电脑可以用吗？,就是电脑用的啊
100013019911,2,电脑可以用吗？,这就是电脑用的 就是麦不太行
100013019911,2,电脑可以用吗？,可以用
100013019911,2,电脑可以用吗？,不知道别人，我的有很严重的电流音，整得头大，反正我退货了
100013019911,2,电脑可以用吗？,可以的，我就是买给孩子上网课用的，挺好用的。还不站地方。
100013019911,2,电脑可以用吗？,可以
100013019911,2,电脑可以用吗？,可以用
100008806027,6,此款有电流声吗,丢一边吃灰了，全是电流声
100008806027,6,此款有电流声吗,我点
100008806027,6,此款有电流声吗,非常大
100008806027,6,此款有电流声吗,没有，挺好的！
100008806027,6,此款有电流声吗,插上线就没有，我睡了一晚上都没听到
100008806027,6,此款有电流声吗,没啥感觉
100008806027,6,此款有电流声吗,目前没有听见
100008806027,6,此款有电流声吗,有的，可能和插口也有关系，但是我的确实有电流声，实在受不了
100008806027,6,此款有电流声吗,有
100008806027,6,此款有电流声吗,有
100013019911,3,音质怎么样,买的带麦版，收到直接跟大电流声服了
100013019911,3,音质怎么样,为什么我的麦克风没有声音，怎样才能有声音。
100013019911,3,音质怎么样,音质可以的  与价格成正比
100013019911,3,音质怎么样,音质还是不错的。
100013019911,3,音质怎么样,还行吧
100013019911,3,音质怎么样,还可以吧
100013019911,3,音质怎么样,还行吧 对的起这个价格
100013019911,3,音质怎么样,就是这个价位的正常水平，没啥可期待的，也不差
100013019911,3,音质怎么样,不错很好
100013019911,3,音质怎么样,本人觉得还不错
100008806027,7,我买的没用多久就有破音，你们的有这现象吗？,刚买回来  调到最大  立马破音
100008806027,7,我买的没用多久就有破音，你们的有这现象吗？,没有
100008806027,7,我买的没用多久就有破音，你们的有这现象吗？,我的也是，有破音
100008806027,7,我买的没用多久就有破音，你们的有这现象吗？,音效不敢恭维
100008806027,7,我买的没用多久就有破音，你们的有这现象吗？,声音很一般
100008806027,7,我买的没用多久就有破音，你们的有这现象吗？,已退货
100008806027,7,我买的没用多久就有破音，你们的有这现象吗？,没有，应该是音源问题，可以插手机的耳机孔上试试，手机播放不会有破音
100008806027,7,我买的没用多久就有破音，你们的有这现象吗？,申请换一个或者维修
100008806027,7,我买的没用多久就有破音，你们的有这现象吗？,暂时没有
100008806027,7,我买的没用多久就有破音，你们的有这现象吗？,没有
100008806027,8,你们用了多久坏的,不到一个月，就没声音了，嗡嗡的
100008806027,8,你们用了多久坏的,没坏，用了一个多月了吧
100008806027,8,你们用了多久坏的,没音质可言 听个响
100008806027,8,你们用了多久坏的,刚买了不到一个月，还没坏，估计能用几年吧
100008806027,8,你们用了多久坏的,蛮久了 还挺好的
100008806027,8,你们用了多久坏的,一般情况下还好，质量有保证的
100008806027,8,你们用了多久坏的,感觉挺不错的  一直在用也没坏
100008806027,8,你们用了多久坏的,用了好久还没坏哦
100008806027,8,你们用了多久坏的,还没坏 用了3个月了
100008806027,8,你们用了多久坏的,才用没多长时间
100013019911,5,麦克风怎么样,麦克风不错。
100013019911,5,麦克风怎么样,没试过
100013019911,5,麦克风怎么样,音箱上不带开关，需要关一次主机拔一次插口不嫌烦就买
100013019911,5,麦克风怎么样,还行
100013019911,5,麦克风怎么样,一般，有电流
100013019911,5,麦克风怎么样,还行，输出音质还行
100013019911,5,麦克风怎么样,质量一般队友总说听不清
100013019911,5,麦克风怎么样,主要用音响
100013019911,5,麦克风怎么样,还行
100013019911,6,是USB接电脑的吗,我这个不是
100013019911,6,是USB接电脑的吗,收货注意，我只有一边响，这是有问题的，不和客服说就吃亏了，哎，麻烦
100013019911,6,是USB接电脑的吗,是的
100013019911,6,是USB接电脑的吗,是的
100013019911,6,是USB接电脑的吗,对，usb接电脑
100013019911,6,是USB接电脑的吗,对
100013019911,6,是USB接电脑的吗,是
100013019911,6,是USB接电脑的吗,是的，但是不建议买
100008806027,10,音亮够大吗,真心挺好
100008806027,10,音亮够大吗,夠大，便宜又好用
100008806027,10,音亮够大吗,够大
100008806027,10,音亮够大吗,还行挺好的
100008806027,10,音亮够大吗,可以
100008806027,10,音亮够大吗,够大，外观挺好看，但是我觉得重低音有点重，而且不能调节，有点瓮声瓮气的。
100008806027,10,音亮够大吗,够大
100008806027,10,音亮够大吗,我觉得音量还行。
100008806027,10,音亮够大吗,我个人觉得够用 声音质量也挺不错
100008806027,10,音亮够大吗,够用的，声音能调节
100013019911,7,这个麦克风别人听着清晰吗？,玩游戏时候听很小
100013019911,7,这个麦克风别人听着清晰吗？,根本听不到，声音巨小
100013019911,7,这个麦克风别人听着清晰吗？,说话别人压根听不见
100013019911,7,这个麦克风别人听着清晰吗？,效果凑合吧 游戏声音大的话有点杂音
100013019911,7,这个麦克风别人听着清晰吗？,可以的
100013019911,7,这个麦克风别人听着清晰吗？,不好
100013019911,7,这个麦克风别人听着清晰吗？,没用 不要带麦克风的 太拉了
100013019911,7,这个麦克风别人听着清晰吗？,不行，已经退了
100013019911,8,电流声很大怎么弄,都会有
100013019911,8,电流声很大怎么弄,一般
100013019911,8,电流声很大怎么弄,没有原包装和说明书能退货吗？
100013019911,8,电流声很大怎么弄,一般般没买好，音质也差
100013019911,8,电流声很大怎么弄,退货呗，我也有
100013019911,8,电流声很大怎么弄,我也有，开机就没有了
100013019911,8,电流声很大怎么弄,我直接退了
100061244069,1,你好，请问回音重吗,不重，挺正常的
100061244069,2,请问，买给孩子的音响酷洛米星际欢唱版，用不起来了，是不是音响一边充电一边使用造成的原因，谢谢！,无回答
100061244069,3,请问小朋友拿着是否重？四岁多,无回答
100013019911,10,为啥音响怎么都没有声音？,是不是接反了
100013019911,10,为啥音响怎么都没有声音？,接错了吧
100013019911,10,为啥音响怎么都没有声音？,要更新驱动，我刚开始也没有
100013019911,10,为啥音响怎么都没有声音？,换个u口试下。声音挺好的。
100013019911,10,为啥音响怎么都没有声音？,我买了两个都没事啊
100013019911,10,为啥音响怎么都没有声音？,我已经退了
100007940907,1,音质好吗,尚可
100007940907,1,音质好吗,音质很好，放心吧。
100007940907,1,音质好吗,对于这个价位来说，音质简直是太好了。
100007940907,1,音质好吗,音质还可以
100007940907,1,音质好吗,不错挺好！
100007940907,1,音质好吗,还行、就是声音不大
100007940907,1,音质好吗,可以
100007940907,1,音质好吗,还可以   个人比较喜欢
100007940907,1,音质好吗,能听一天半。音质还可以
100007940907,1,音质好吗,音质不错
100007940907,2,内带电池吗,充电满听一天没问题亲试
100007940907,2,内带电池吗,带电池的
100007940907,2,内带电池吗,充电的
100007940907,2,内带电池吗,内有电池
100007940907,2,内带电池吗,嗯
100007940907,2,内带电池吗,带充电电池
100007940907,2,内带电池吗,电线充电的
100007940907,2,内带电池吗,充电的，我用好久了还没有充电
100007940907,2,内带电池吗,有电池
100007940907,3,自带内存卡？,不带
100007940907,3,自带内存卡？,不带的
100007940907,3,自带内存卡？,可插内存卡
100007940907,3,自带内存卡？,不带
100007940907,3,自带内存卡？,可以插内存卡
100007940907,3,自带内存卡？,没有内存卡，需要自己单独插卡，一般都是练接蓝牙用
100007940907,3,自带内存卡？,链接手机
100007940907,3,自带内存卡？,自带内存卡，也可以联网，网上有记录
100007940907,3,自带内存卡？,没有
100007940907,4,有挂绳吗,没有
100007940907,4,有挂绳吗,没
100007940907,4,有挂绳吗,没有
100007940907,4,有挂绳吗,没有
100007940907,4,有挂绳吗,没有
100007940907,4,有挂绳吗,没有
100007940907,4,有挂绳吗,没有
100007940907,4,有挂绳吗,有挂绳
100007940907,4,有挂绳吗,没有
100007940907,4,有挂绳吗,没有
100007940907,5,可以连手机嘛,蓝牙
100007940907,5,可以连手机嘛,可以
100007940907,5,可以连手机嘛,可以的
100007940907,5,可以连手机嘛,可以的。
100007940907,5,可以连手机嘛,可以
100007940907,5,可以连手机嘛,可以
100007940907,5,可以连手机嘛,可以连手机
100007940907,5,可以连手机嘛,可以，就价格来说，音质很好
100007940907,5,可以连手机嘛,可以
100007940907,6,播放时噪音有吗,不错，我感觉蛮好的。
100007940907,6,播放时噪音有吗,没有杂音
100007940907,6,播放时噪音有吗,没有
100007940907,6,播放时噪音有吗,声音大小了
100007940907,6,播放时噪音有吗,有电流声
100007940907,6,播放时噪音有吗,没有
100007940907,6,播放时噪音有吗,还不错
100007940907,6,播放时噪音有吗,没有
100007940907,6,播放时噪音有吗,还好，试听了，声音饱满
100007940907,6,播放时噪音有吗,小巧玲珑，可以的
100007940907,7,音量大吗,安静环境没问题，值这个钱吧，听音质的话&hellip;还是花点钱吧&hellip;～我后来又买一个别的。
100007940907,7,音量大吗,音量还是可以的，毕竟体积不大，在室内用完全没有问题！
100007940907,7,音量大吗,还行 挺大的
100007940907,7,音量大吗,音量不大，拆了退不了也没用过，然后买了别的来用。
100007940907,7,音量大吗,可以的
100007940907,7,音量大吗,一般怎么说呢我手机可能还比他声音大点不过听着感觉还可以
100007940907,7,音量大吗,低音炮你想要多大嘛开玩笑
100007940907,7,音量大吗,可以
100007940907,7,音量大吗,这个价钱说实话 我觉得可以 性价比可以了 音量的话 可以 我在工地听电子书 中音量 差不多听了4天 32个小时
100007940907,8,充电是USB接口吗,是的
100007940907,8,充电是USB接口吗,对的，音质也挺好
100007940907,8,充电是USB接口吗,是
100007940907,8,充电是USB接口吗,是的
100007940907,8,充电是USB接口吗,蓝牙、USB
100007940907,8,充电是USB接口吗,对
100007940907,8,充电是USB接口吗,是的，用手机充电器就可以充电了
100007940907,8,充电是USB接口吗,是的
100007940907,8,充电是USB接口吗,有
100007940907,9,可以连接华为手机音乐播放器吗？,可以
100007940907,9,可以连接华为手机音乐播放器吗？,应该什么手机都可以连接
100007940907,9,可以连接华为手机音乐播放器吗？,链接蓝牙就可以
100007940907,9,可以连接华为手机音乐播放器吗？,可以！我的就是华为手机！
100007940907,9,可以连接华为手机音乐播放器吗？,只要带蓝牙的设备都能连接
100007940907,9,可以连接华为手机音乐播放器吗？,可以呀
100007940907,9,可以连接华为手机音乐播放器吗？,可以连接器！电池好！
100007940907,9,可以连接华为手机音乐播放器吗？,可以
100007940907,9,可以连接华为手机音乐播放器吗？,连蓝牙就行。我使用的就是华为手机
100007940907,9,可以连接华为手机音乐播放器吗？,可以
100007940907,10,能充电吗,能
100007940907,10,能充电吗,可以
100007940907,10,能充电吗,能
100007940907,10,能充电吗,能
100007940907,10,能充电吗,可以充
100007940907,10,能充电吗,可以充电
100007940907,10,能充电吗,能
100007940907,10,能充电吗,可以呀
100007940907,10,能充电吗,语音没有用的，控制不了的。
100007940907,10,能充电吗,就是充电的呀
100065488690,1,可以连接手机蓝牙吗,我的这款没有蓝牙功能，买的时候注意看一下，有些是带蓝牙功能的。
100065488690,2,这是一个usB头。一个圆头，怎么接,无回答
100065488690,3,玩大型单机的时候会有电流声吗？,无回答
100065488690,4,你们的是不是在电脑关闭结束时音箱会有很大的一声声响,无回答
100065488690,5,可以连接我的CD机吗？用连接线把CD机的输出插孔和音箱主机连起来，从而把音乐从两个小音响放出来，行吗,无回答
100038595820,1,有很大的开机提示声吗？,声音还行
100038595820,1,有很大的开机提示声吗？,有，声音不大。
100038595820,1,有很大的开机提示声吗？,还行吧。
100038595820,1,有很大的开机提示声吗？,是
100038595820,1,有很大的开机提示声吗？,有提示音，大小取决于你音量键调多大
100038595820,1,有很大的开机提示声吗？,没有声音
100038595820,1,有很大的开机提示声吗？,看个人感觉不算大
100038595820,1,有很大的开机提示声吗？,没有
100038595820,3,能直接插在USB插板上供电吗,可以的，我就是这样用的，电流有1A就行
100038595820,3,能直接插在USB插板上供电吗,可以的
100038595820,3,能直接插在USB插板上供电吗,可以呀，放心插吧
100038595820,3,能直接插在USB插板上供电吗,可以。这个音箱一般是搭配电脑使用，如果可以建议首选机箱usb插口。
100038595820,3,能直接插在USB插板上供电吗,普通USB接口都行，他只负责供电
100038595820,3,能直接插在USB插板上供电吗,可以
100038595820,3,能直接插在USB插板上供电吗,不建议
100038595820,4,蓝牙款音质好还是没有蓝牙的好,蓝牙有延迟
100038595820,4,蓝牙款音质好还是没有蓝牙的好,都差不多
100038595820,4,蓝牙款音质好还是没有蓝牙的好,别问，问就都好
100038595820,4,蓝牙款音质好还是没有蓝牙的好,效果都一样的
100038595820,4,蓝牙款音质好还是没有蓝牙的好,我买的带蓝牙的 音质蛮不错的
100038595820,4,蓝牙款音质好还是没有蓝牙的好,都差不多
100038595820,5,可以关闭灯光吗？，不是关闭声音,中间这个调音量的圆的上的灯光关不了，边上那一大圈的可以关的
100038595820,5,可以关闭灯光吗？，不是关闭声音,可以，也可以调颜色
100038595820,5,可以关闭灯光吗？，不是关闭声音,四周环绕的光带可以关闭，中间旋钮蓝色指示灯常亮。
100038595820,5,可以关闭灯光吗？，不是关闭声音,可以
100038595820,5,可以关闭灯光吗？，不是关闭声音,可以
100038595820,6,有没有滋滋的电流声,有
100038595820,6,有没有滋滋的电流声,没有唉
100038595820,6,有没有滋滋的电流声,没有
100038595820,6,有没有滋滋的电流声,没有！
100038595820,6,有没有滋滋的电流声,没有
100038595820,7,蓝牙的会出现延迟嘛？,还可以
100038595820,7,蓝牙的会出现延迟嘛？,不会，我觉得还挺好的，
100038595820,7,蓝牙的会出现延迟嘛？,不会
100038595820,7,蓝牙的会出现延迟嘛？,不会
100038595820,7,蓝牙的会出现延迟嘛？,还可以，这个价位很值了
100038595820,8,音质怎么样？,音质很不错
100038595820,8,音质怎么样？,低音比那种低音炮差一点 其他还好
100038595820,8,音质怎么样？,还行
100038595820,8,音质怎么样？,一般，就当买了个灯。
100038595820,9,可以语音聊天吗,不能，没有麦克风
100038595820,9,可以语音聊天吗,听个响
100038595820,9,可以语音聊天吗,不能，就是电脑音箱
100038595820,10,6002s灯光带可以设置开机默认关闭吗,我用了一个多月了，感觉不能关闭后启动又亮了
100038595820,10,6002s灯光带可以设置开机默认关闭吗,按你设定的
100038595820,10,6002s灯光带可以设置开机默认关闭吗,可以
10058306155671,1,可远程遥控吗？,可以。
10058306155671,1,可远程遥控吗？,可以的
10058306155671,1,可远程遥控吗？,可以语音遥控
10058306155671,1,可远程遥控吗？,可以，但是不太好用
10058306155671,2,不连网可以听歌吗？,蓝牙
10058306155671,2,不连网可以听歌吗？,送一年会员，可以听
10058306155671,2,不连网可以听歌吗？,可以，部分歌曲需要开通vip
10058306155671,2,不连网可以听歌吗？,不可以 而且送的会员不是qq 音乐 也不是酷狗。是他们自己的会员 两年后你还要花好几百买他们的会员才能用这个东西 就像现在买电视机还要单独买会员一样  他们主图没写 我没有注意 霸王条款 买了激活就不给退！
10058306155671,3,这个跟小米pro比，哪个好,没用过小米
10058306155671,3,这个跟小米pro比，哪个好,没买过吃米，但我觉得吃度挺好用的，要买会员版才合算
10058306155671,3,这个跟小米pro比，哪个好,不可以 而且送的会员不是qq 音乐 也不是酷狗。是他们自己的会员 两年后你还要花好几百买他们的会员才能用这个东西 就像现在买电视机还要单独买会员一样  他们主图没写 我没有注意 霸王条款 买了激活就不给退！
10058306155671,4,只有插上电源才能用吗,是的，插上电才能用
10058306155671,4,只有插上电源才能用吗,对的，要链接线的
10058306155671,4,只有插上电源才能用吗,是的。不支持无线
10058306155671,5,买过的朋友这款音质怎样,很好
10058306155671,5,买过的朋友这款音质怎样,比白色那款稍微好一些。
10058306155671,6,手机里有酷狗会员，音响可以一起用吗,没有问题
10058306155671,6,手机里有酷狗会员，音响可以一起用吗,不可一起，音响会员只能在App上听
10058306155671,7,户外没有电源能用吗？,不可以哦，不带充电功能
10058306155671,7,户外没有电源能用吗？,不行的
10058306155671,8,亲们这款金刚听歌效果咋样，家里听歌哪款好些，需要买会员吗，要买会员后激活哪款音乐歌曲多些呢，谢谢,不好用，会员音质，杂交音源，没有原APP里的音效，小度VIP会员不如APP蓝牙传音质好。
10058306155671,8,亲们这款金刚听歌效果咋样，家里听歌哪款好些，需要买会员吗，要买会员后激活哪款音乐歌曲多些呢，谢谢,音质不错，最好再买个会员，两年的会员也比较便宜，最主要不用试听几秒钟就没了。
10058306155671,9,小度什么产品能听歌，老人用比较方便,小度音箱
10058306155671,9,小度什么产品能听歌，老人用比较方便,老人可以用小度智能屏，可视的。哪款都能听
10058306155671,10,2年会员过了，是不是需要重新续费会员才能听歌,只能听不用会员就可以听的那些
10058306155671,10,2年会员过了，是不是需要重新续费会员才能听歌,而且送的会员不是qq 音乐 也不是酷狗。是他们自己的会员 两年后你还要花好几百买他们的会员才能用这个东西 就像现在买电视机还要单独买会员一样  他们主图没写 我没有注意 霸王条款 买了激活就不给退！
100058812131,1,充电时可以使用吗,音响充电不能用
100058812131,1,充电时可以使用吗,可以，听听小说还行
100058812131,1,充电时可以使用吗,没有试过
100058812131,2,是充电的吗,充电得
100058812131,2,是充电的吗,对
100058812131,2,是充电的吗,是
100058812131,3,我买的小音箱怎么用了没多久就冲不了电了,用的还可以
100058812131,3,我买的小音箱怎么用了没多久就冲不了电了,问客服
100058812131,4,电池充满后能连续使用几小时,听小说3-4个小时
100058812131,4,电池充满后能连续使用几小时,不懂
100058812131,5,是充电词吗,对
100058812131,5,是充电词吗,是充电的
100058812131,6,电池大概能用多久,一天没问题
100058812131,6,电池大概能用多久,应该是5到8个小时
100058812131,7,它防水吗,那不知道哦，我没让它碰水呢
100058812131,8,是不是不能调音量,音响上不可以，只能在手机上调
100058812131,9,能连接ip吗,可以 但这个蓝牙音质不行 用了一次就没用了
100058812131,10,type-c充电吗,充电
100026812340,1,银色和黑色 哪个更好看,银色好看
100026812340,1,银色和黑色 哪个更好看,两个都有，还是觉得银色好看
100026812340,1,银色和黑色 哪个更好看,银色
100026812340,1,银色和黑色 哪个更好看,银色的
100026812340,1,银色和黑色 哪个更好看,看个人喜欢哪个，都不错
100026812340,1,银色和黑色 哪个更好看,银色高端大气
100026812340,1,银色和黑色 哪个更好看,银
100026812340,1,银色和黑色 哪个更好看,银色
100026812340,1,银色和黑色 哪个更好看,银色
100026812340,1,银色和黑色 哪个更好看,白色帅
100026812340,2,音质和苹果音响比怎么样？,音质好
100026812340,2,音质和苹果音响比怎么样？,很不错 值得入手
100026812340,2,音质和苹果音响比怎么样？,音质还行 就是语音系统不太智能
100026812340,2,音质和苹果音响比怎么样？,价格决定品质
100026812340,2,音质和苹果音响比怎么样？,支持国货！只用过小米和华为的
100026812340,2,音质和苹果音响比怎么样？,音质还好，苹果的就不知道了，比较轻还行
100026812340,2,音质和苹果音响比怎么样？,挺好的
100026812340,2,音质和苹果音响比怎么样？,智能音响还比什么？
100026812340,3,支持手机蓝牙通话吗,支持的
100026812340,3,支持手机蓝牙通话吗,支持呀
100026812340,3,支持手机蓝牙通话吗,当然支持，选银色的更耐看
100026812340,3,支持手机蓝牙通话吗,还真没试过
100026812340,3,支持手机蓝牙通话吗,支持的
100026812340,3,支持手机蓝牙通话吗,没有这种需求，没有试过
100026812340,3,支持手机蓝牙通话吗,没有尝试过
100026812340,3,支持手机蓝牙通话吗,不支持，而且蓝牙容易断联，麻烦。我用的华为手机，不知道小米手机蓝牙连接会不会稳定些
100026812340,4,闹钟功能好用么?,好用
100026812340,4,闹钟功能好用么?,两个音箱组成立体声效果还是非常好的。
100026812340,4,闹钟功能好用么?,还好
100026812340,4,闹钟功能好用么?,挺好的
100026812340,4,闹钟功能好用么?,好用
100026812340,5,可以播放外接SD卡或者U盘的音乐吗？,不可以，蓝牙或小米手机秒播推送
100026812340,5,可以播放外接SD卡或者U盘的音乐吗？,不可以
100026812340,5,可以播放外接SD卡或者U盘的音乐吗？,可以凿个洞把U盘塞进去，问题不大
100026812340,5,可以播放外接SD卡或者U盘的音乐吗？,不可以的
100026812340,5,可以播放外接SD卡或者U盘的音乐吗？,不行
100026812340,5,可以播放外接SD卡或者U盘的音乐吗？,不可以只能蓝牙连接或让小爱同学播放音乐
100026812340,5,可以播放外接SD卡或者U盘的音乐吗？,不能
100026812340,6,用来当电脑PC音箱怎么样，看电影之类的不是单纯听音乐,蓝牙连上，啥都可以做，好像多了个人帮你，太好用了。
100026812340,6,用来当电脑PC音箱怎么样，看电影之类的不是单纯听音乐,音效可以
100026812340,6,用来当电脑PC音箱怎么样，看电影之类的不是单纯听音乐,相当可以
100026812340,6,用来当电脑PC音箱怎么样，看电影之类的不是单纯听音乐,还行，我拿他打游戏都没问题
100026812340,6,用来当电脑PC音箱怎么样，看电影之类的不是单纯听音乐,可以的 效果很好
100026812340,6,用来当电脑PC音箱怎么样，看电影之类的不是单纯听音乐,可以的
100026812340,6,用来当电脑PC音箱怎么样，看电影之类的不是单纯听音乐,音量太小 买bose吧
100026812340,7,苹果设备连接会不会有延迟,蓝牙很快，隔空投送有点延迟
100026812340,7,苹果设备连接会不会有延迟,不会 除非停电了
100026812340,7,苹果设备连接会不会有延迟,并不会
100026812340,7,苹果设备连接会不会有延迟,没有延迟
100026812340,7,苹果设备连接会不会有延迟,音效扩展意义不大
100026812340,7,苹果设备连接会不会有延迟,不会我的平板基本上秒连
100026812340,7,苹果设备连接会不会有延迟,我买得起苹果的话还会买这个音响吗
100026812340,8,能放浴室吗？,可以。
100026812340,8,能放浴室吗？,买回来想放哪就放哪
100026812340,8,能放浴室吗？,可以边游泳边听
100026812340,8,能放浴室吗？,别进水就行
100026812340,8,能放浴室吗？,不泡水就可以
100026812340,8,能放浴室吗？,要接电的
100026812340,9,这个可以自己联网，自己搜索那种播放么,小爱音响APP里可以搜索播放
100026812340,9,这个可以自己联网，自己搜索那种播放么,可以   你说啥它都能理解的
100026812340,9,这个可以自己联网，自己搜索那种播放么,绑定自己小米账号后可通过手机app&ldquo;小爱音箱&rdquo;绑定自己的qq音乐等进行操作，然后也可以通过唤醒&ldquo;小爱同学&rdquo;让她做事
100026812340,9,这个可以自己联网，自己搜索那种播放么,手动操作app联网 语音指令控制不需要动手
100026812340,9,这个可以自己联网，自己搜索那种播放么,可以，全智能
100026812340,9,这个可以自己联网，自己搜索那种播放么,绑定小米账号先
100026812340,10,你们喊小爱同学，识别灵敏吗,灵
100026812340,10,你们喊小爱同学，识别灵敏吗,不灵敏。开最大声它就是个聋子
100026812340,10,你们喊小爱同学，识别灵敏吗,很灵的
100026812340,10,你们喊小爱同学，识别灵敏吗,很灵
100026812340,10,你们喊小爱同学，识别灵敏吗,很灵，睡房间都能听到，开再大声也能听到
100026812340,10,你们喊小爱同学，识别灵敏吗,可以
10093933158633,1,哪个颜色好看 求推荐,无回答
10055828432918,1,你好 怎么送蓝牙接收器,买一个，或者商家送一个，把音频输入线插到蓝牙接受器上就行
10055828432918,1,你好 怎么送蓝牙接收器,好评就行，不过那玩意很廉价，效果很差还有杂音
10055828432918,1,你好 怎么送蓝牙接收器,没要
10055828432918,1,你好 怎么送蓝牙接收器,用线
10055828432918,1,你好 怎么送蓝牙接收器,送了，没试
10055828432918,2,买的时候不自带蓝牙接收器的吗请问,买的时候不带，好评后免费送
10055828432918,2,买的时候不自带蓝牙接收器的吗请问,没有带
10055828432918,2,买的时候不自带蓝牙接收器的吗请问,给了好评才送一个
10055828432918,2,买的时候不自带蓝牙接收器的吗请问,要评价后送蓝牙，我没有评价。
10055828432918,2,买的时候不自带蓝牙接收器的吗请问,手机自带的，蓝牙耳机自带的，手机开蓝牙就可以连
10055828432918,4,能连电视吗？,可以的，有给配套的线
10055828432918,4,能连电视吗？,可以连电视电脑 还有带插孔的手机
10055828432918,5,能赠送蓝牙接收器吗？,找客服要有的
10055828432918,5,能赠送蓝牙接收器吗？,需要&hellip;&hellip;你懂的，具体看介绍页嘛
10055828432918,5,能赠送蓝牙接收器吗？,没送
10055828432918,6,这个低音炮放哪，电视电脑都没地方放中间啊,低音炮不强制要求放中间，如果想放中间，建议搭个书架，或者买个支架钉墙体
10055828432918,6,这个低音炮放哪，电视电脑都没地方放中间啊,电脑就别购买这种了 我就单纯的就蓝牙连接听歌
10055828432918,7,这音响连不了蓝牙，还要蓝牙接收器才行吗？,是的
10055828432918,7,这音响连不了蓝牙，还要蓝牙接收器才行吗？,蓝牙接收器
10055828432918,8,户外用可以吗？,户外买琉璃好一点
10055828432918,8,户外用可以吗？,户外买广场舞音响，这个用做户外声音大小只能说够用
10055828432918,9,可以蓝牙连接手机吗,正常是不带蓝牙 但是送的有一个第三方的蓝牙接收器 只要插上去 手机就可以连了
10055828432918,10,户外用可以吗？,得带逆变器在车上能用
10051903829953,2,能连接蓝牙耳机吗？,好像不行，带蓝牙的音乐播放器，手机可以用蓝牙连这个音响
10051903829953,3,音箱重么！？,不重
10051903829953,4,请问户外听音量够大吗？,无回答
10051903829953,5,现在的飞利浦音响是哪个工厂生产的,无回答
100066870635,1,可以连蓝牙吗,可以的
100066870635,1,可以连蓝牙吗,可以呀
100066870635,1,可以连蓝牙吗,可以
100066870635,2,有充电器吗？,当然有
100066870635,2,有充电器吗？,只有一根数据线。普通安卓插头就可以
100066870635,3,声音大吗,大
100066870635,3,声音大吗,非常大
100066870635,4,农贸市场收款声音大吗,没有具体测试过，声音很大，应该够用！
100066870635,5,有u盘插口吗,有的
100066870635,6,喇叭直径是多少，音响效果好吗,不是买来听歌的话，还可以。
100066870635,7,能链接电脑吗,好像不能
100066870635,8,可可充电？有充电器吗？,可以
100066870635,9,可以充电吗,可以，正常的手机充电线能用
100066870635,10,能删除出U盘歌曲吗,这款不能
100057044920,1,接入主机任意一个usb接口都可以吗？,可以的
100057044920,1,接入主机任意一个usb接口都可以吗？,是的，插上就能用
100057044920,1,接入主机任意一个usb接口都可以吗？,是的
100057044920,1,接入主机任意一个usb接口都可以吗？,是的
100057044920,2,开关机有声音吗,没有，静音的，不喜欢那种有声音的
100057044920,2,开关机有声音吗,没有
100057044920,2,开关机有声音吗,没有
100057044920,3,连上ps4 调到最大音量还是有点轻 是正常的嘛,就是不高，估计你的ps4对外供电不足
100057044920,3,连上ps4 调到最大音量还是有点轻 是正常的嘛,这个声音很大，接电脑用的呢，ps不知道
100057044920,3,连上ps4 调到最大音量还是有点轻 是正常的嘛,PS4我没有用过，用过PS5和电脑，系统声音拉满音响旋钮那个拉满声音很大的，我耳朵都要聋了，你这个声音有点轻，可能是系统声音设置没有拉满
100057044920,4,只要USB线不需要音频线吗,是的 不需要
100057044920,4,只要USB线不需要音频线吗,插上就能用
100057044920,5,就一个usb线就可以吗，不需要音频线吗,是的 不需要
100057044920,5,就一个usb线就可以吗，不需要音频线吗,不需要
100057044920,6,usb线有好长？,目测一米左右
100057044920,6,usb线有好长？,always
100057044920,7,"有旋钮开关,可以开关机和调音量吗",没有关机键。只能调音量
100057044920,7,"有旋钮开关,可以开关机和调音量吗",可以调节音量
100057044920,8,这个有重低音的震感么？,有低音，不震撼
100057044920,8,这个有重低音的震感么？,沒有
100057044920,9,可以接电视吗？,这是电脑用的很小，接应该也能接但是看起来太别扭了
100057044920,10,有麦克风吗,没有
10071074443673,1,电脑没蓝牙能用吗,无回答
10071074443673,2,可以插U盘吗？,无回答
100012222648,1,音量大吗,还可以，音响可以麦不行
100012222648,1,音量大吗,大的很呢，音效也不错
100012222648,1,音量大吗,大
100012222648,1,音量大吗,音质不行，音量倒是可以调的很大
100012222648,1,音量大吗,还可以
100012222648,1,音量大吗,一般，看模式，而且有杂音，音质很一般
100012222648,1,音量大吗,还行
100012222648,1,音量大吗,在室内音量挺大的。室外也不错
100012222648,1,音量大吗,可以
100012222648,2,这款PC模式是怎么连接的，为什么直接电脑USB并没反应？,音响开机之后，再按一下开机键就进入pc模式了
100012222648,2,这款PC模式是怎么连接的，为什么直接电脑USB并没反应？,调成 PC 模式后电脑自动就识别到了
100012222648,2,这款PC模式是怎么连接的，为什么直接电脑USB并没反应？,不是有3.5mm的线吗，USB接的那个充电
100012222648,2,这款PC模式是怎么连接的，为什么直接电脑USB并没反应？,连上usb后按一下开关键
100012222648,2,这款PC模式是怎么连接的，为什么直接电脑USB并没反应？,你线插错了
100012222648,2,这款PC模式是怎么连接的，为什么直接电脑USB并没反应？,蓝牙或者aux线
100012222648,2,这款PC模式是怎么连接的，为什么直接电脑USB并没反应？,可以啊，电脑上喇叭那里切换一下
100012222648,2,这款PC模式是怎么连接的，为什么直接电脑USB并没反应？,按模式转换
100012222648,3,你好，那个时钟实不实用，待机长了，断电了，通电后是不是得重新对时间啊    低音    立体音效果怎么样   玩游戏连接声音延迟的有多长,时钟时间久了会变快，买回来的时候时间调了和电脑手机一样的，现在比电脑和手机快了差不多十分钟
100012222648,3,你好，那个时钟实不实用，待机长了，断电了，通电后是不是得重新对时间啊    低音    立体音效果怎么样   玩游戏连接声音延迟的有多长,音效可以的。毕竟价格摆在这里。还是挺值的。外观也很时尚，蓝牙连接挺快的
100012222648,3,你好，那个时钟实不实用，待机长了，断电了，通电后是不是得重新对时间啊    低音    立体音效果怎么样   玩游戏连接声音延迟的有多长,音效还可以，打游戏基本没延迟，我是这么觉得，都是边充边用，没用光过电量
100012222648,3,你好，那个时钟实不实用，待机长了，断电了，通电后是不是得重新对时间啊    低音    立体音效果怎么样   玩游戏连接声音延迟的有多长,不会，放心，时间会直接减去关机消耗的
100012222648,3,你好，那个时钟实不实用，待机长了，断电了，通电后是不是得重新对时间啊    低音    立体音效果怎么样   玩游戏连接声音延迟的有多长,不用对时间，
100012222648,3,你好，那个时钟实不实用，待机长了，断电了，通电后是不是得重新对时间啊    低音    立体音效果怎么样   玩游戏连接声音延迟的有多长,挺好用的。就是声音小
100012222648,3,你好，那个时钟实不实用，待机长了，断电了，通电后是不是得重新对时间啊    低音    立体音效果怎么样   玩游戏连接声音延迟的有多长,看你个人所需。时间弄好一次就是对的。声音还是可以的。玩游戏没感觉延迟
100012222648,3,你好，那个时钟实不实用，待机长了，断电了，通电后是不是得重新对时间啊    低音    立体音效果怎么样   玩游戏连接声音延迟的有多长,听个响吧~音效确实不怎么样~但也不能要求太高吧
100012222648,3,你好，那个时钟实不实用，待机长了，断电了，通电后是不是得重新对时间啊    低音    立体音效果怎么样   玩游戏连接声音延迟的有多长,别买时钟版，就是鸡肋，音质100块钱说的过去，待机不好说。
100012222648,4,有内置麦克风吗？,有的。
100012222648,4,有内置麦克风吗？,有，但是只有一巴掌距离才有效。
100012222648,4,有内置麦克风吗？,据说有，但我的不行
100012222648,4,有内置麦克风吗？,有的
100012222648,4,有内置麦克风吗？,有的哟，亲！
100012222648,4,有内置麦克风吗？,没有啊
100012222648,4,有内置麦克风吗？,有
100012222648,4,有内置麦克风吗？,据说有，还没试过
100012222648,4,有内置麦克风吗？,反正我没有
100012222648,5,能随身携带吗,有点大，放大的电脑包里还可以。
100012222648,5,能随身携带吗,很大很长，比你的牛子大长  到30倍携带不了
100012222648,5,能随身携带吗,可以 的
100012222648,5,能随身携带吗,不能 太大了
100012222648,5,能随身携带吗,放电脑包没问题
100012222648,5,能随身携带吗,太大了不方便
100012222648,5,能随身携带吗,背个包能，不背包有点长
100012222648,5,能随身携带吗,长了，不好放包里
100012222648,6,可以用U盘播放视频文件吗？,应该不行吧。视频不行。这个只是音响
100012222648,6,可以用U盘播放视频文件吗？,完全可以，我车上都能播放
100012222648,6,可以用U盘播放视频文件吗？,不能啊，音频可以
100012222648,6,可以用U盘播放视频文件吗？,不可以放视频文件
100012222648,6,可以用U盘播放视频文件吗？,只能播放音乐文件
100012222648,6,可以用U盘播放视频文件吗？,可以
100012222648,6,可以用U盘播放视频文件吗？,不行 只支持音频
100012222648,6,可以用U盘播放视频文件吗？,No
100012222648,6,可以用U盘播放视频文件吗？,不可以
100012222648,7,U盘可以用吗？,U盘，有线，和蓝牙三管齐下
100012222648,7,U盘可以用吗？,可以
100012222648,7,U盘可以用吗？,没试u盘，就用了蓝牙模式
100012222648,7,U盘可以用吗？,应该能
100012222648,7,U盘可以用吗？,可以用的哦，亲
100012222648,7,U盘可以用吗？,是音响，可以插U盘
100012222648,7,U盘可以用吗？,不清楚，给弟弟买的
100012222648,7,U盘可以用吗？,U盘？这不是音响吗
100012222648,7,U盘可以用吗？,可以
100012222648,8,电量怎么看,电量低时回语音提醒
100012222648,8,电量怎么看,看不到，电量低会提示
100012222648,8,电量怎么看,会报电量过低
100012222648,8,电量怎么看,会报电量过底
100012222648,8,电量怎么看,一个白天，还可以
100012222648,8,电量怎么看,连接蓝牙手机有显示
100012222648,8,电量怎么看,连接蓝牙上可以看见
100012222648,8,电量怎么看,没注意看  好像手机连上可以看到
100012222648,8,电量怎么看,两根线全都插在电脑上，大半夜的突然喊：电量低，请及时充电！有病啊！***一个破音响我还要用几天充一次电 啊，两根线一直插着，电脑的线也一直插着，我还要一两天天天特意的天天开机给他充电 么？提示充电就算了，还大半夜地喊！
100012222648,9,会有电流声吗,没有
100012222648,9,会有电流声吗,没有，不过有点耗电
100012222648,9,会有电流声吗,没有
100012222648,9,会有电流声吗,没有的
100012222648,9,会有电流声吗,没有
100012222648,9,会有电流声吗,没有
100012222648,9,会有电流声吗,插线  aux模式有，  别的没有
100012222648,9,会有电流声吗,没有  usb  aux只插一个就没事了  就不会有电流声
100012222648,9,会有电流声吗,我的连蓝牙微信聊天有听歌没有其他没试
100012222648,10,买蓝牙版的可以有线连接主机吗,可以的，有连接线。模式很多，可以自己选择
100012222648,10,买蓝牙版的可以有线连接主机吗,可以
100012222648,10,买蓝牙版的可以有线连接主机吗,可以的
100012222648,10,买蓝牙版的可以有线连接主机吗,可以
100012222648,10,买蓝牙版的可以有线连接主机吗,可以
100012222648,10,买蓝牙版的可以有线连接主机吗,有线连主机
100012222648,10,买蓝牙版的可以有线连接主机吗,有usb线直接连接就行
100012222648,10,买蓝牙版的可以有线连接主机吗,这什么垃圾音响，两根线全都插在电脑上，大半夜的突然喊：电量低，请及时充电！有病啊！***一个破音响我还要用几天充一次电 啊，两根线一直插着，电脑的线也一直插着，我还要一两天天天特意的天天开机给他充电 么？提示充电就算了，还大半夜地喊！
10084700869007,1,音量大吗？能不能听清,我的到了，我感觉挺大的
10084700869007,1,音量大吗？能不能听清,放客厅可以听清
10084700869007,1,音量大吗？能不能听清,挺大的，音响上还可以调音量大小，看个电影听音乐可以听清了
10084700869007,2,有电流声吗？,基本没电流声
10084700869007,2,有电流声吗？,没有
10084700869007,2,有电流声吗？,用着呢，没发现有电流声啊
10084700869007,3,电池续航怎么样?,五六个钟头吧差不多，连蓝牙刷剧挺不错
10084700869007,3,电池续航怎么样?,个把小时吧，没怎么注意过
10084700869007,3,电池续航怎么样?,续航可以
10084700869007,4,蓝牙模式下会有延迟吗,还好吧，我玩游戏没感觉到什么延迟。。。
10084700869007,4,蓝牙模式下会有延迟吗,没有
10084700869007,4,蓝牙模式下会有延迟吗,没延迟
10084700869007,5,笔记本能用吗,电脑手机笔记本都能用啊。。。
10084700869007,5,笔记本能用吗,可以用
10084700869007,5,笔记本能用吗,可以
10084700869007,6,参加线上会议，麦克风效果如何？,我打游戏用沟通起来还是挺不错的
10084700869007,6,参加线上会议，麦克风效果如何？,还行，朋友说跟他耳麦一样清楚
10084700869007,6,参加线上会议，麦克风效果如何？,还可以，收音清晰
10084700869007,7,能语音吗,能
50373333999,2,有电池吗,没有需要插电
50373333999,2,有电池吗,没有
50373333999,2,有电池吗,没有
50373333999,2,有电池吗,没有
50373333999,2,有电池吗,没有，插电版
50373333999,2,有电池吗,没有！
50373333999,2,有电池吗,没有，直接电源线的那种
50373333999,2,有电池吗,要插电用
50373333999,2,有电池吗,不需要电池，要一直插着电的
50373333999,2,有电池吗,没有，需要一直插电
50373333999,3,冲一次电能唱多少个小时？,要一直插电的
50373333999,3,冲一次电能唱多少个小时？,他是一直充的，没有插电就用不起。
50373333999,3,冲一次电能唱多少个小时？,它是个音箱，是插电用的
50373333999,3,冲一次电能唱多少个小时？,插上充电器一直没断过电
50373333999,3,冲一次电能唱多少个小时？,他这个不用充电的，要一直通着电才能用的
50373333999,3,冲一次电能唱多少个小时？,这个是一只插在充电口上的
50373333999,3,冲一次电能唱多少个小时？,一直能唱
50373333999,5,没wifi可以用么,不能使用
50373333999,5,没wifi可以用么,不可以
50373333999,5,没wifi可以用么,好像用不了
50373333999,5,没wifi可以用么,蓝牙
50373333999,5,没wifi可以用么,不能
50373333999,6,是不是正品,是的
50373333999,6,是不是正品,是正品
50373333999,6,是不是正品,是正品!没有电池！
50373333999,6,是不是正品,是正品，用的这段时间很不错
50373333999,6,是不是正品,正品
50373333999,7,可以不用连接wifi直接连接蓝牙嘛,可以
50373333999,7,可以不用连接wifi直接连接蓝牙嘛,可以的
50373333999,7,可以不用连接wifi直接连接蓝牙嘛,不可以
50373333999,7,可以不用连接wifi直接连接蓝牙嘛,应该是可以。没试过
50373333999,7,可以不用连接wifi直接连接蓝牙嘛,就是因为可以连蓝牙才买的，因为手机声音小，用蓝牙连到小音箱上，声音大，很多人都能听见
50373333999,7,可以不用连接wifi直接连接蓝牙嘛,可以连接手机蓝牙
50373333999,7,可以不用连接wifi直接连接蓝牙嘛,不行哦
50373333999,8,请问你们可以跟小爱同学对话吗,可以
50373333999,8,请问你们可以跟小爱同学对话吗,可以个毛线，好评刷的，连接上喊半天才应你一句。看我购买评论吧
50373333999,8,请问你们可以跟小爱同学对话吗,可以
50373333999,8,请问你们可以跟小爱同学对话吗,可以对话啊
50373333999,8,请问你们可以跟小爱同学对话吗,可以
50373333999,8,请问你们可以跟小爱同学对话吗,可以，声音还是蛮好听的。
50373333999,9,请问这款能远程操控吗？,能
50373333999,9,请问这款能远程操控吗？,可以啊，小爱同学语音唤醒识别度还是挺高的，即使音箱声音放的很大，她也可以去识别得到
50373333999,9,请问这款能远程操控吗？,可以
50373333999,9,请问这款能远程操控吗？,能
50373333999,9,请问这款能远程操控吗？,距离太远不可以
50373333999,10,换了地址了，小爱可不可以远程连接，,可以
50373333999,10,换了地址了，小爱可不可以远程连接，,好像可以
50373333999,10,换了地址了，小爱可不可以远程连接，,有点不智能，要手机后台软件设置
50373333999,10,换了地址了，小爱可不可以远程连接，,只要连接过，手机和小爱不在一起一样可以使用，只需要登录一次，手机上不删除，小爱可以一直用，不受影响。
50373333999,10,换了地址了，小爱可不可以远程连接，,可以
100040656544,1,请问唱歌听起来有低音炮的感觉吗？另外音响户外声音大吗？重低音咋样？,无回答
100040656544,2,这个可以无线蓝牙连接吗,无回答
100040656544,3,请问这套音箱可以直接连接手机或者U盘吗,无回答
100040656544,4,音量大声吗？音质怎么样？,无回答
10033902801902,1,您好，这款音箱可以用u盘吗？,不可以的
10033902801902,1,您好，这款音箱可以用u盘吗？,不能
10033902801902,1,您好，这款音箱可以用u盘吗？,不可以
10033902801902,1,您好，这款音箱可以用u盘吗？,不能
10033902801902,1,您好，这款音箱可以用u盘吗？,不能，没有u盘插口
10033902801902,1,您好，这款音箱可以用u盘吗？,不行
10033902801902,1,您好，这款音箱可以用u盘吗？,可以
10033902801902,1,您好，这款音箱可以用u盘吗？,不可以 手机蓝牙连接
10033902801902,2,用起来会有蓝牙停止连接时的电流音吗,么哦呦
10033902801902,2,用起来会有蓝牙停止连接时的电流音吗,没有电流声
10033902801902,2,用起来会有蓝牙停止连接时的电流音吗,没有
10033902801902,2,用起来会有蓝牙停止连接时的电流音吗,没有
10033902801902,2,用起来会有蓝牙停止连接时的电流音吗,完全不会，但我建议您要先考虑清楚，这个音响就是个纯纯低音炮，低音被狠狠加强了，买回去就这么用的话，看个电视，人声和背景的细节全被盖过了，除非你把声音开到七八十往上才能听清楚台词，然而这个时候低音穿透力已经很强了，一个是扰民，一个是自己不隔个五六米的话很轰头，脑浆子狠狠的震。 Windows里开了低频保护后就正常了，汽车驶过时强劲的声浪直透心肺，风声，树叶莎莎，卸下弹匣，弹壳落地声清晰分明。但低频保护开启后，偶尔有低音需要表现的地方就会有尖锐的声响。 我个人来说，默认的状态低音太轰完全受不了，但开了低频保护后的表现非常满意，二百来块很值，准备过两天再买一个组双声道立体声
10033902801902,2,用起来会有蓝牙停止连接时的电流音吗,没有
10033902801902,3,音响播放的时候会有沙沙的声音吗 耳朵靠近,不会 我需求不是特别大声的那种 小声你可以在播放器换音效 会有不同感觉
10033902801902,3,音响播放的时候会有沙沙的声音吗 耳朵靠近,没有，很好听我觉得
10033902801902,3,音响播放的时候会有沙沙的声音吗 耳朵靠近,没有
10033902801902,3,音响播放的时候会有沙沙的声音吗 耳朵靠近,没有
10033902801902,3,音响播放的时候会有沙沙的声音吗 耳朵靠近,没有
10033902801902,4,请问 用了多久了?质量怎样?,买了送女生了，她说挺不戳的。我自己用的是jblgo3，听节奏感强的音乐jbl听着更爽，但感觉有点闷？听播客什么的不太清晰。这个价位里这两款应该是平起平坐的，SONY续航更顶。多去看点测评，选更适合你的那一个
10033902801902,4,请问 用了多久了?质量怎样?,我刚买，但这款是我家人用了好几年说不错直接甩链接买的~
10033902801902,4,请问 用了多久了?质量怎样?,一般般，听着一般
10033902801902,4,请问 用了多久了?质量怎样?,用了三年，质量值得信赖。可以一旧换新。
10033902801902,4,请问 用了多久了?质量怎样?,送客户的，感觉应该可以
10033902801902,5,只能蓝牙连接吗？ 可不可以插U盘或者卡？,只能蓝牙，U盘和卡都不可以
10033902801902,5,只能蓝牙连接吗？ 可不可以插U盘或者卡？,对的，只能蓝牙
10033902801902,5,只能蓝牙连接吗？ 可不可以插U盘或者卡？,只能蓝牙链接
10033902801902,5,只能蓝牙连接吗？ 可不可以插U盘或者卡？,对 就只能连蓝牙
10033902801902,5,只能蓝牙连接吗？ 可不可以插U盘或者卡？,不能
10033902801902,6,接近二十平方的房间，音量够大吗？,可以
10033902801902,6,接近二十平方的房间，音量够大吗？,大，耳朵震聋
10033902801902,6,接近二十平方的房间，音量够大吗？,够用
10033902801902,6,接近二十平方的房间，音量够大吗？,够的，这个音响就是要离远一点用，才合适，太近了会轰脑袋
10033902801902,6,接近二十平方的房间，音量够大吗？,够的
10033902801902,7,这个怎么关机的？,一个怎么开机的？
10033902801902,7,这个怎么关机的？,就轻按一下开机键就行
10033902801902,7,这个怎么关机的？,按着开关机定格几秒就可以了
10033902801902,7,这个怎么关机的？,单点一下开关就可以开关机，不需要长按
10033902801902,7,这个怎么关机的？,我都是短按一下开机键就关了
10033902801902,8,充满电大概能听音乐多少个小时。,能听很久，一天都还有电
10033902801902,8,充满电大概能听音乐多少个小时。,半天吧，还是看音量大小，
10033902801902,8,充满电大概能听音乐多少个小时。,这个没试过 尽量勤充电呗，保持电池健康 有机会就充
10033902801902,8,充满电大概能听音乐多少个小时。,挺长时间的，还没试过，大半天肯定有的
10033902801902,9,续航真的16h么,理论16，实际也10个小时有的
10033902801902,9,续航真的16h么,没有16个小时。这个16个小时估计是实验室条件，和实际使用的环境不同肯定有差异的。比如温度、音量等。
10033902801902,9,续航真的16h么,应该能。我开机一晚上。还有电
10033902801902,9,续航真的16h么,可以的
10033902801902,10,可以连接无线的麦克风么,不得行，不可以哟
10033902801902,10,可以连接无线的麦克风么,不可以
10033902801902,10,可以连接无线的麦克风么,自带麦克风，可以接听电话，无线没试过
10033902801902,10,可以连接无线的麦克风么,不知道没试过
100072783559,1,可以录音吗？,不行
100072783559,2,可以连接无线话筒吗？,不行
100072783559,3,可以接无线话筒吗？,不能
10059543266239,1,户外用可以吗？,有电脑就可以用
10059543266239,2,Mp3用插头对吗？,无回答
